./cropped_pose/a_hidari_gedan_barai.png,"[{'X': 0.3913237452507019, 'Y': 0.17700499296188354, 'Z': 0.043442994356155396, 'Visibility': 0.9995575547218323}, {'X': 0.391274631023407, 'Y': 0.1555335819721222, 'Z': -0.0027227129321545362, 'Visibility': 0.9998001456260681}, {'X': 0.3919898569583893, 'Y': 0.15513715147972107, 'Z': -0.0030000582337379456, 'Visibility': 0.9997807145118713}, {'X': 0.3923543095588684, 'Y': 0.15484100580215454, 'Z': -0.002771149855107069, 'Visibility': 0.9997877478599548}, {'X': 0.39763256907463074, 'Y': 0.15389296412467957, 'Z': 0.03925305977463722, 'Visibility': 0.9998594522476196}, {'X': 0.40376150608062744, 'Y': 0.15246060490608215, 'Z': 0.03866018354892731, 'Visibility': 0.9998899698257446}, {'X': 0.4098389148712158, 'Y': 0.15062978863716125, 'Z': 0.038284119218587875, 'Visibility': 0.9999169111251831}, {'X': 0.415940523147583, 'Y': 0.15621605515480042, 'Z': -0.13368181884288788, 'Visibility': 0.999745786190033}, {'X': 0.43650558590888977, 'Y': 0.15070387721061707, 'Z': 0.05355879291892052, 'Visibility': 0.9998314380645752}, {'X': 0.4005463719367981, 'Y': 0.1957184374332428, 'Z': 0.012540491297841072, 'Visibility': 0.9983684420585632}, {'X': 0.4085671007633209, 'Y': 0.19412055611610413, 'Z': 0.06253163516521454, 'Visibility': 0.9982044696807861}, {'X': 0.4031807482242584, 'Y': 0.27202534675598145, 'Z': -0.23258279263973236, 'Visibility': 0.9992393255233765}, {'X': 0.5795345306396484, 'Y': 0.2371300756931305, 'Z': 0.11414336413145065, 'Visibility': 0.9988137483596802}, {'X': 0.299913227558136, 'Y': 0.3834589719772339, 'Z': -0.3209392726421356, 'Visibility': 0.9466897249221802}, {'X': 0.6880988478660583, 'Y': 0.3271043300628662, 'Z': 0.1959245651960373, 'Visibility': 0.3011675179004669}, {'X': 0.16978135704994202, 'Y': 0.47812777757644653, 'Z': -0.31728747487068176, 'Visibility': 0.6454644203186035}, {'X': 0.608462929725647, 'Y': 0.38714179396629333, 'Z': 0.29843848943710327, 'Visibility': 0.028032923117280006}, {'X': 0.14590072631835938, 'Y': 0.50032639503479, 'Z': -0.3449578881263733, 'Visibility': 0.6782252788543701}, {'X': 0.5950765013694763, 'Y': 0.4029569625854492, 'Z': 0.3089923858642578, 'Visibility': 0.03488915413618088}, {'X': 0.1421709954738617, 'Y': 0.4958399832248688, 'Z': -0.33639755845069885, 'Visibility': 0.6859243512153625}, {'X': 0.5810278654098511, 'Y': 0.3984207212924957, 'Z': 0.277858167886734, 'Visibility': 0.03323802351951599}, {'X': 0.15167304873466492, 'Y': 0.49290284514427185, 'Z': -0.30759623646736145, 'Visibility': 0.5549103617668152}, {'X': 0.5840736627578735, 'Y': 0.3938447833061218, 'Z': 0.2876247465610504, 'Visibility': 0.02868473529815674}, {'X': 0.4782330095767975, 'Y': 0.5420079231262207, 'Z': -0.10951773822307587, 'Visibility': 0.9999566078186035}, {'X': 0.5762471556663513, 'Y': 0.5359991788864136, 'Z': 0.10897650569677353, 'Visibility': 0.9999428987503052}, {'X': 0.2496422827243805, 'Y': 0.6285795569419861, 'Z': 0.05436859279870987, 'Visibility': 0.9165734648704529}, {'X': 0.7041707038879395, 'Y': 0.6713168621063232, 'Z': 0.24320484697818756, 'Visibility': 0.8477353453636169}, {'X': 0.27396267652511597, 'Y': 0.8398960828781128, 'Z': 0.059845250099897385, 'Visibility': 0.982637345790863}, {'X': 0.8804731965065002, 'Y': 0.8079265356063843, 'Z': 0.21406318247318268, 'Visibility': 0.9385940432548523}, {'X': 0.29811543226242065, 'Y': 0.880474328994751, 'Z': 0.058304671198129654, 'Visibility': 0.9883741140365601}, {'X': 0.908218264579773, 'Y': 0.8373792171478271, 'Z': 0.21403414011001587, 'Visibility': 0.9697825908660889}, {'X': 0.17215444147586823, 'Y': 0.8683971166610718, 'Z': 0.019091473892331123, 'Visibility': 0.9631621837615967}, {'X': 0.8883779644966125, 'Y': 0.8213233947753906, 'Z': 0.1981578916311264, 'Visibility': 0.8796525001525879}]"
./cropped_pose/b_migi_chudan_oi_zuki.png,"[{'X': 0.35380399227142334, 'Y': 0.16293694078922272, 'Z': -0.11586679518222809, 'Visibility': 0.9999572038650513}, {'X': 0.36012035608291626, 'Y': 0.14236748218536377, 'Z': -0.1467953473329544, 'Visibility': 0.999895453453064}, {'X': 0.36432597041130066, 'Y': 0.14163315296173096, 'Z': -0.14726077020168304, 'Visibility': 0.9999024868011475}, {'X': 0.36788201332092285, 'Y': 0.14071136713027954, 'Z': -0.14702200889587402, 'Visibility': 0.9999158382415771}, {'X': 0.3596390187740326, 'Y': 0.14177748560905457, 'Z': -0.08827612549066544, 'Visibility': 0.9998995065689087}, {'X': 0.3634569048881531, 'Y': 0.14092636108398438, 'Z': -0.08888398855924606, 'Visibility': 0.9999125003814697}, {'X': 0.36714738607406616, 'Y': 0.13974416255950928, 'Z': -0.08910621702671051, 'Visibility': 0.9999268054962158}, {'X': 0.400007039308548, 'Y': 0.14169403910636902, 'Z': -0.2185724973678589, 'Visibility': 0.9999544620513916}, {'X': 0.3971427381038666, 'Y': 0.1426694691181183, 'Z': 0.051481202244758606, 'Visibility': 0.9998902082443237}, {'X': 0.3691764175891876, 'Y': 0.18103986978530884, 'Z': -0.132206529378891, 'Visibility': 0.9999079704284668}, {'X': 0.36944130063056946, 'Y': 0.1810009777545929, 'Z': -0.058615971356630325, 'Visibility': 0.9998317956924438}, {'X': 0.49573051929473877, 'Y': 0.24259328842163086, 'Z': -0.34599176049232483, 'Visibility': 0.9999786615371704}, {'X': 0.3970660865306854, 'Y': 0.2634504735469818, 'Z': 0.27933940291404724, 'Visibility': 0.9996339082717896}, {'X': 0.6263858675956726, 'Y': 0.3427425026893616, 'Z': -0.48232072591781616, 'Visibility': 0.9871542453765869}, {'X': 0.23875001072883606, 'Y': 0.29073894023895264, 'Z': 0.3984746038913727, 'Visibility': 0.19370071589946747}, {'X': 0.5262464284896851, 'Y': 0.42369380593299866, 'Z': -0.5316426753997803, 'Visibility': 0.935828447341919}, {'X': 0.09660831838846207, 'Y': 0.2806864380836487, 'Z': 0.2963632047176361, 'Visibility': 0.6900315880775452}, {'X': 0.48604580760002136, 'Y': 0.44314879179000854, 'Z': -0.5711615085601807, 'Visibility': 0.9235415458679199}, {'X': 0.05402874946594238, 'Y': 0.28596368432044983, 'Z': 0.2910284996032715, 'Visibility': 0.7311884760856628}, {'X': 0.4752209186553955, 'Y': 0.4253338873386383, 'Z': -0.5609955191612244, 'Visibility': 0.9165323376655579}, {'X': 0.04934579133987427, 'Y': 0.2840477228164673, 'Z': 0.24868491291999817, 'Visibility': 0.7370977997779846}, {'X': 0.4863653779029846, 'Y': 0.419037789106369, 'Z': -0.522162914276123, 'Visibility': 0.8640652298927307}, {'X': 0.06681820750236511, 'Y': 0.2835002839565277, 'Z': 0.26858285069465637, 'Visibility': 0.7530436515808105}, {'X': 0.5098406672477722, 'Y': 0.5217736959457397, 'Z': -0.20555400848388672, 'Visibility': 0.9998592138290405}, {'X': 0.44669637084007263, 'Y': 0.5230879187583923, 'Z': 0.20531214773654938, 'Visibility': 0.9997139573097229}, {'X': 0.6233655214309692, 'Y': 0.6988922953605652, 'Z': -0.36442631483078003, 'Visibility': 0.9877386093139648}, {'X': 0.2744681239128113, 'Y': 0.606305718421936, 'Z': 0.1718510389328003, 'Visibility': 0.5369914770126343}, {'X': 0.8548891544342041, 'Y': 0.8472495079040527, 'Z': -0.5560551881790161, 'Visibility': 0.9946392178535461}, {'X': 0.3423374891281128, 'Y': 0.792690634727478, 'Z': 0.31032344698905945, 'Visibility': 0.7138617038726807}, {'X': 0.9004228711128235, 'Y': 0.8748068809509277, 'Z': -0.5873385071754456, 'Visibility': 0.9733663201332092}, {'X': 0.3770814836025238, 'Y': 0.8348142504692078, 'Z': 0.3179900646209717, 'Visibility': 0.844089150428772}, {'X': 0.772468090057373, 'Y': 0.9014390707015991, 'Z': -0.8211914300918579, 'Visibility': 0.9935316443443298}, {'X': 0.2248748391866684, 'Y': 0.8437947630882263, 'Z': 0.24730946123600006, 'Visibility': 0.812123715877533}]"
./cropped_pose/c_migi_gedan_barai.png,"[{'X': 0.6604447960853577, 'Y': 0.18834728002548218, 'Z': -0.030483169481158257, 'Visibility': 0.9999902248382568}, {'X': 0.6541603803634644, 'Y': 0.16930252313613892, 'Z': -0.023945733904838562, 'Visibility': 0.9999926090240479}, {'X': 0.6494335532188416, 'Y': 0.16844210028648376, 'Z': -0.02437581680715084, 'Visibility': 0.9999908208847046}, {'X': 0.645484447479248, 'Y': 0.16790258884429932, 'Z': -0.024363238364458084, 'Visibility': 0.999993085861206}, {'X': 0.6554349064826965, 'Y': 0.16904079914093018, 'Z': -0.07484813034534454, 'Visibility': 0.9999963045120239}, {'X': 0.65147864818573, 'Y': 0.16796985268592834, 'Z': -0.07541077584028244, 'Visibility': 0.9999967813491821}, {'X': 0.6482204794883728, 'Y': 0.1670178920030594, 'Z': -0.07563665509223938, 'Visibility': 0.9999973773956299}, {'X': 0.60956209897995, 'Y': 0.16872569918632507, 'Z': 0.03601730614900589, 'Visibility': 0.9999961853027344}, {'X': 0.6144284009933472, 'Y': 0.16848993301391602, 'Z': -0.19496335089206696, 'Visibility': 0.9999949932098389}, {'X': 0.6433780789375305, 'Y': 0.20410560071468353, 'Z': 0.008686520159244537, 'Visibility': 0.9999639987945557}, {'X': 0.6445235013961792, 'Y': 0.2049383521080017, 'Z': -0.06192520633339882, 'Visibility': 0.9999732971191406}, {'X': 0.4680178165435791, 'Y': 0.25188907980918884, 'Z': 0.1568504124879837, 'Visibility': 0.9998865127563477}, {'X': 0.6056913733482361, 'Y': 0.26994049549102783, 'Z': -0.2806715667247772, 'Visibility': 0.9999679327011108}, {'X': 0.33985352516174316, 'Y': 0.3321416974067688, 'Z': 0.3415907919406891, 'Visibility': 0.18596911430358887}, {'X': 0.7157748937606812, 'Y': 0.3967946767807007, 'Z': -0.4280073344707489, 'Visibility': 0.9921790361404419}, {'X': 0.41119134426116943, 'Y': 0.40139323472976685, 'Z': 0.4883654713630676, 'Visibility': 0.039416566491127014}, {'X': 0.8541215062141418, 'Y': 0.4793769419193268, 'Z': -0.44997817277908325, 'Visibility': 0.994803249835968}, {'X': 0.4337598979473114, 'Y': 0.417617529630661, 'Z': 0.5124609470367432, 'Visibility': 0.05619461461901665}, {'X': 0.8912222981452942, 'Y': 0.507901132106781, 'Z': -0.5138648748397827, 'Visibility': 0.9931193590164185}, {'X': 0.4422646164894104, 'Y': 0.41036099195480347, 'Z': 0.471168577671051, 'Visibility': 0.05379483848810196}, {'X': 0.8991815447807312, 'Y': 0.5034024119377136, 'Z': -0.4857005178928375, 'Visibility': 0.9924684166908264}, {'X': 0.43701454997062683, 'Y': 0.4051287770271301, 'Z': 0.4767560660839081, 'Visibility': 0.04902219399809837}, {'X': 0.8833273649215698, 'Y': 0.49508750438690186, 'Z': -0.4389260709285736, 'Visibility': 0.9829187393188477}, {'X': 0.45589059591293335, 'Y': 0.534034788608551, 'Z': 0.12708711624145508, 'Visibility': 0.9999340772628784}, {'X': 0.5497239828109741, 'Y': 0.5405403971672058, 'Z': -0.1276625245809555, 'Visibility': 0.9999759197235107}, {'X': 0.3394419550895691, 'Y': 0.6588311791419983, 'Z': 0.45626893639564514, 'Visibility': 0.9786896109580994}, {'X': 0.8046726584434509, 'Y': 0.6243845820426941, 'Z': -0.05020742863416672, 'Visibility': 0.9962461590766907}, {'X': 0.13059738278388977, 'Y': 0.7980948090553284, 'Z': 0.5804556012153625, 'Visibility': 0.992725133895874}, {'X': 0.7496170401573181, 'Y': 0.8460081219673157, 'Z': 0.06392577290534973, 'Visibility': 0.9977626800537109}, {'X': 0.09104141592979431, 'Y': 0.8239038586616516, 'Z': 0.5907309055328369, 'Visibility': 0.9929022192955017}, {'X': 0.7269617915153503, 'Y': 0.8822064399719238, 'Z': 0.07982230186462402, 'Visibility': 0.99764484167099}, {'X': 0.17654535174369812, 'Y': 0.7989089488983154, 'Z': 0.6089860796928406, 'Visibility': 0.9804393649101257}, {'X': 0.8471317291259766, 'Y': 0.863349199295044, 'Z': 0.09741420298814774, 'Visibility': 0.9934606552124023}]"
./cropped_pose/d_migi_tetsui_uchi.png,"[{'X': 0.5408027172088623, 'Y': 0.16268843412399292, 'Z': 0.07513736188411713, 'Visibility': 0.9997323155403137}, {'X': 0.5305381417274475, 'Y': 0.14310497045516968, 'Z': 0.06660322099924088, 'Visibility': 0.9997819066047668}, {'X': 0.5265843272209167, 'Y': 0.14186587929725647, 'Z': 0.06585856527090073, 'Visibility': 0.9998132586479187}, {'X': 0.5222911834716797, 'Y': 0.14069458842277527, 'Z': 0.0660114660859108, 'Visibility': 0.9998586177825928}, {'X': 0.530712366104126, 'Y': 0.14307832717895508, 'Z': 0.008394761011004448, 'Visibility': 0.9997665286064148}, {'X': 0.5275437831878662, 'Y': 0.1419622302055359, 'Z': 0.007680200971662998, 'Visibility': 0.9998278617858887}, {'X': 0.5247578024864197, 'Y': 0.14096131920814514, 'Z': 0.007544706109911203, 'Visibility': 0.9998296499252319}, {'X': 0.48649272322654724, 'Y': 0.13880681991577148, 'Z': 0.08214861154556274, 'Visibility': 0.9998856782913208}, {'X': 0.4918430745601654, 'Y': 0.13990789651870728, 'Z': -0.17878656089305878, 'Visibility': 0.9995359182357788}, {'X': 0.5247243642807007, 'Y': 0.1784917414188385, 'Z': 0.10476985573768616, 'Visibility': 0.9988234639167786}, {'X': 0.5254406929016113, 'Y': 0.17859245836734772, 'Z': 0.023550329729914665, 'Visibility': 0.9985318183898926}, {'X': 0.33265289664268494, 'Y': 0.2288084626197815, 'Z': 0.1671905219554901, 'Visibility': 0.999815046787262}, {'X': 0.4953453838825226, 'Y': 0.23168078064918518, 'Z': -0.2716294527053833, 'Visibility': 0.9997120499610901}, {'X': 0.21022146940231323, 'Y': 0.317719042301178, 'Z': 0.3003195524215698, 'Visibility': 0.19661442935466766}, {'X': 0.65924072265625, 'Y': 0.28010278940200806, 'Z': -0.3584704101085663, 'Visibility': 0.987787663936615}, {'X': 0.3051503896713257, 'Y': 0.373557448387146, 'Z': 0.3333899974822998, 'Visibility': 0.1456037163734436}, {'X': 0.8236711025238037, 'Y': 0.23227950930595398, 'Z': -0.24762855470180511, 'Visibility': 0.9443421959877014}, {'X': 0.3248384892940521, 'Y': 0.3823724687099457, 'Z': 0.34768396615982056, 'Visibility': 0.18670344352722168}, {'X': 0.8705871105194092, 'Y': 0.21417516469955444, 'Z': -0.2970624566078186, 'Visibility': 0.9388444423675537}, {'X': 0.33728277683258057, 'Y': 0.37675923109054565, 'Z': 0.2922116219997406, 'Visibility': 0.18372797966003418}, {'X': 0.8653854131698608, 'Y': 0.1996762901544571, 'Z': -0.25699877738952637, 'Visibility': 0.9316684007644653}, {'X': 0.3324434161186218, 'Y': 0.3721279501914978, 'Z': 0.31479132175445557, 'Visibility': 0.14966006577014923}, {'X': 0.8509985208511353, 'Y': 0.20435553789138794, 'Z': -0.23358666896820068, 'Visibility': 0.8799008727073669}, {'X': 0.33207860589027405, 'Y': 0.5006380081176758, 'Z': 0.13592056930065155, 'Visibility': 0.9999377727508545}, {'X': 0.43852511048316956, 'Y': 0.5038825273513794, 'Z': -0.1364242285490036, 'Visibility': 0.9999611377716064}, {'X': 0.31683221459388733, 'Y': 0.6556521058082581, 'Z': 0.3416454792022705, 'Visibility': 0.8994837403297424}, {'X': 0.5576364994049072, 'Y': 0.6699730157852173, 'Z': -0.06341123580932617, 'Visibility': 0.9865081310272217}, {'X': 0.21254676580429077, 'Y': 0.8335893750190735, 'Z': 0.3975985646247864, 'Visibility': 0.9687256217002869}, {'X': 0.5326098203659058, 'Y': 0.8580714464187622, 'Z': -0.0540616400539875, 'Visibility': 0.9959922432899475}, {'X': 0.18437862396240234, 'Y': 0.8663694858551025, 'Z': 0.39608141779899597, 'Visibility': 0.9768245816230774}, {'X': 0.49083006381988525, 'Y': 0.8913815021514893, 'Z': -0.05426003411412239, 'Visibility': 0.9928457140922546}, {'X': 0.2896808683872223, 'Y': 0.8574203252792358, 'Z': 0.33594706654548645, 'Visibility': 0.955998420715332}, {'X': 0.6335718631744385, 'Y': 0.8937450647354126, 'Z': -0.14272437989711761, 'Visibility': 0.9853799939155579}]"
./cropped_pose/e_hidari_chudan_oi_zuki.png,"[{'X': 0.6207477450370789, 'Y': 0.14313417673110962, 'Z': -0.14850382506847382, 'Visibility': 0.9998272061347961}, {'X': 0.6117298007011414, 'Y': 0.1219264566898346, 'Z': -0.12211973965167999, 'Visibility': 0.9993197917938232}, {'X': 0.6089867353439331, 'Y': 0.12135502696037292, 'Z': -0.122503861784935, 'Visibility': 0.999278724193573}, {'X': 0.6056661605834961, 'Y': 0.1208212673664093, 'Z': -0.12259823083877563, 'Visibility': 0.9995713829994202}, {'X': 0.6105433106422424, 'Y': 0.12168815732002258, 'Z': -0.1672283262014389, 'Visibility': 0.9996490478515625}, {'X': 0.6068781614303589, 'Y': 0.12130051851272583, 'Z': -0.16766773164272308, 'Visibility': 0.9996753931045532}, {'X': 0.60105299949646, 'Y': 0.12062546610832214, 'Z': -0.16784162819385529, 'Visibility': 0.9997196793556213}, {'X': 0.5776824951171875, 'Y': 0.12220144271850586, 'Z': 0.010071511380374432, 'Visibility': 0.9997889399528503}, {'X': 0.5696292519569397, 'Y': 0.12090867757797241, 'Z': -0.19432339072227478, 'Visibility': 0.9993933439254761}, {'X': 0.6052079200744629, 'Y': 0.1610819697380066, 'Z': -0.0934169813990593, 'Visibility': 0.9998416900634766}, {'X': 0.6035942435264587, 'Y': 0.16037720441818237, 'Z': -0.15567642450332642, 'Visibility': 0.9998692274093628}, {'X': 0.6156286001205444, 'Y': 0.2371949553489685, 'Z': 0.1437973529100418, 'Visibility': 0.9999879598617554}, {'X': 0.46590107679367065, 'Y': 0.2241639643907547, 'Z': -0.231402188539505, 'Visibility': 0.9999682903289795}, {'X': 0.7417505979537964, 'Y': 0.2588863670825958, 'Z': 0.2147502899169922, 'Visibility': 0.8391136527061462}, {'X': 0.34273993968963623, 'Y': 0.3331490755081177, 'Z': -0.344114750623703, 'Visibility': 0.9924673438072205}, {'X': 0.866598904132843, 'Y': 0.24787098169326782, 'Z': 0.09575594216585159, 'Visibility': 0.9349927306175232}, {'X': 0.455936998128891, 'Y': 0.3993339538574219, 'Z': -0.46436941623687744, 'Visibility': 0.9228603839874268}, {'X': 0.9049652814865112, 'Y': 0.24868272244930267, 'Z': 0.07540731877088547, 'Visibility': 0.9133362174034119}, {'X': 0.4867455065250397, 'Y': 0.4265369474887848, 'Z': -0.5185800790786743, 'Visibility': 0.8929616212844849}, {'X': 0.9073185920715332, 'Y': 0.2451709806919098, 'Z': 0.035060781985521317, 'Visibility': 0.9208463430404663}, {'X': 0.49756816029548645, 'Y': 0.41316989064216614, 'Z': -0.5178753733634949, 'Visibility': 0.8910888433456421}, {'X': 0.8897820115089417, 'Y': 0.2458498328924179, 'Z': 0.07409005612134933, 'Visibility': 0.9142563939094543}, {'X': 0.49107593297958374, 'Y': 0.40234583616256714, 'Z': -0.46766534447669983, 'Visibility': 0.795741617679596}, {'X': 0.5558046102523804, 'Y': 0.5089166164398193, 'Z': 0.12996169924736023, 'Visibility': 0.9998929500579834}, {'X': 0.4722680449485779, 'Y': 0.5138348937034607, 'Z': -0.1301187127828598, 'Visibility': 0.9998804330825806}, {'X': 0.7322590947151184, 'Y': 0.5961983799934387, 'Z': 0.06413228809833527, 'Visibility': 0.7568504810333252}, {'X': 0.3733103275299072, 'Y': 0.703220009803772, 'Z': -0.2750336825847626, 'Visibility': 0.9943353533744812}, {'X': 0.698985755443573, 'Y': 0.8007528781890869, 'Z': 0.2760022282600403, 'Visibility': 0.8147988319396973}, {'X': 0.1738872081041336, 'Y': 0.8506438732147217, 'Z': -0.2724035680294037, 'Visibility': 0.9939252734184265}, {'X': 0.6719215512275696, 'Y': 0.834744393825531, 'Z': 0.28785085678100586, 'Visibility': 0.8551114201545715}, {'X': 0.1377597451210022, 'Y': 0.8699947595596313, 'Z': -0.2777099907398224, 'Visibility': 0.902163028717041}, {'X': 0.7914763689041138, 'Y': 0.841966986656189, 'Z': 0.16531525552272797, 'Visibility': 0.8262951374053955}, {'X': 0.19303205609321594, 'Y': 0.9188442230224609, 'Z': -0.47924312949180603, 'Visibility': 0.9795634150505066}]"
./cropped_pose/f_hidari_gedan_barai.png,"[{'X': 0.5856897234916687, 'Y': 0.16213294863700867, 'Z': 1.1272010803222656, 'Visibility': 0.9647781252861023}, {'X': 0.5651386380195618, 'Y': 0.14750716090202332, 'Z': 1.0801798105239868, 'Visibility': 0.9227830171585083}, {'X': 0.5529049038887024, 'Y': 0.1463761031627655, 'Z': 1.0796072483062744, 'Visibility': 0.9132610559463501}, {'X': 0.5405203700065613, 'Y': 0.14530107378959656, 'Z': 1.079406976699829, 'Visibility': 0.9423569440841675}, {'X': 0.5974034667015076, 'Y': 0.150234192609787, 'Z': 1.013087272644043, 'Visibility': 0.9600299000740051}, {'X': 0.6092816591262817, 'Y': 0.15084150433540344, 'Z': 1.0122569799423218, 'Visibility': 0.9692124128341675}, {'X': 0.6203389167785645, 'Y': 0.15125703811645508, 'Z': 1.011959195137024, 'Visibility': 0.9811086058616638}, {'X': 0.5138365030288696, 'Y': 0.15294280648231506, 'Z': 0.8285058736801147, 'Visibility': 0.9678712487220764}, {'X': 0.6220555305480957, 'Y': 0.15771526098251343, 'Z': 0.510428249835968, 'Visibility': 0.9670809507369995}, {'X': 0.5705317258834839, 'Y': 0.17468157410621643, 'Z': 1.057915449142456, 'Visibility': 0.9595426917076111}, {'X': 0.5985472202301025, 'Y': 0.1769772469997406, 'Z': 0.9603258967399597, 'Visibility': 0.9733762145042419}, {'X': 0.3388839364051819, 'Y': 0.2578100860118866, 'Z': 0.7267839908599854, 'Visibility': 0.9998699426651001}, {'X': 0.6171395778656006, 'Y': 0.244964599609375, 'Z': 0.033035699278116226, 'Visibility': 0.9999704360961914}, {'X': 0.28642386198043823, 'Y': 0.3833611011505127, 'Z': 0.7927675843238831, 'Visibility': 0.01050175353884697}, {'X': 0.5586411952972412, 'Y': 0.3640090227127075, 'Z': -0.4144573211669922, 'Visibility': 0.35411036014556885}, {'X': 0.3756331205368042, 'Y': 0.4370851218700409, 'Z': 0.9184826016426086, 'Visibility': 0.001377729931846261}, {'X': 0.6517535448074341, 'Y': 0.41450515389442444, 'Z': -0.6109158992767334, 'Visibility': 0.17604811489582062}, {'X': 0.3615213632583618, 'Y': 0.46586382389068604, 'Z': 0.9592142105102539, 'Visibility': 0.0023730879183858633}, {'X': 0.6888071894645691, 'Y': 0.42939719557762146, 'Z': -0.7159766554832458, 'Visibility': 0.17518718540668488}, {'X': 0.4015406668186188, 'Y': 0.45792508125305176, 'Z': 0.9194565415382385, 'Visibility': 0.0021987087093293667}, {'X': 0.687953531742096, 'Y': 0.4208104610443115, 'Z': -0.6640538573265076, 'Visibility': 0.15326043963432312}, {'X': 0.4125758409500122, 'Y': 0.45255669951438904, 'Z': 0.9069213271141052, 'Visibility': 0.002070397138595581}, {'X': 0.6702237129211426, 'Y': 0.4155332148075104, 'Z': -0.5992319583892822, 'Visibility': 0.08290025591850281}, {'X': 0.3717087209224701, 'Y': 0.5064474940299988, 'Z': 0.2933627665042877, 'Visibility': 0.9999808073043823}, {'X': 0.5726602673530579, 'Y': 0.5050563216209412, 'Z': -0.2941390872001648, 'Visibility': 0.9999951124191284}, {'X': 0.31834784150123596, 'Y': 0.6089357137680054, 'Z': 1.196042776107788, 'Visibility': 0.11899811029434204}, {'X': 0.6466847062110901, 'Y': 0.683617353439331, 'Z': -0.3447669744491577, 'Visibility': 0.9616959095001221}, {'X': 0.3329826891422272, 'Y': 0.753691554069519, 'Z': 1.573338508605957, 'Visibility': 0.42556315660476685}, {'X': 0.5760071873664856, 'Y': 0.8735660314559937, 'Z': -0.7773226499557495, 'Visibility': 0.9792594909667969}, {'X': 0.3427037000656128, 'Y': 0.7815229892730713, 'Z': 1.602773904800415, 'Visibility': 0.7144569754600525}, {'X': 0.5377734899520874, 'Y': 0.9207073450088501, 'Z': -0.8233686685562134, 'Visibility': 0.9344421029090881}, {'X': 0.3705017566680908, 'Y': 0.7731077075004578, 'Z': 1.6239047050476074, 'Visibility': 0.2007446438074112}, {'X': 0.7410153150558472, 'Y': 0.9182441234588623, 'Z': -1.0754419565200806, 'Visibility': 0.8575329780578613}]"
./cropped_pose/g_migi_jodan_age_uke.png,"[{'X': 0.5014569759368896, 'Y': 0.21659013628959656, 'Z': 0.29701536893844604, 'Visibility': 0.9999545812606812}, {'X': 0.4989769458770752, 'Y': 0.20599178969860077, 'Z': 0.20362819731235504, 'Visibility': 0.9999728202819824}, {'X': 0.49498605728149414, 'Y': 0.2062811404466629, 'Z': 0.20299853384494781, 'Visibility': 0.9999732971191406}, {'X': 0.4911327660083771, 'Y': 0.20668327808380127, 'Z': 0.20319512486457825, 'Visibility': 0.999987006187439}, {'X': 0.5160897374153137, 'Y': 0.2047523558139801, 'Z': 0.2539425492286682, 'Visibility': 0.9999524354934692}, {'X': 0.5234798789024353, 'Y': 0.20409250259399414, 'Z': 0.2532356083393097, 'Visibility': 0.9999316930770874}, {'X': 0.531048059463501, 'Y': 0.20323112607002258, 'Z': 0.25326359272003174, 'Visibility': 0.9999390840530396}, {'X': 0.4981360137462616, 'Y': 0.21291689574718475, 'Z': -0.12819808721542358, 'Visibility': 0.9999898672103882}, {'X': 0.5565933585166931, 'Y': 0.2072315663099289, 'Z': 0.10841341316699982, 'Visibility': 0.9998738765716553}, {'X': 0.5011343955993652, 'Y': 0.22930023074150085, 'Z': 0.2031395137310028, 'Visibility': 0.999969482421875}, {'X': 0.518599808216095, 'Y': 0.2290358543395996, 'Z': 0.26499971747398376, 'Visibility': 0.9999066591262817}, {'X': 0.462164968252182, 'Y': 0.29424864053726196, 'Z': -0.3973676562309265, 'Visibility': 0.9999898672103882}, {'X': 0.6813331842422485, 'Y': 0.2738729417324066, 'Z': 0.2116498202085495, 'Visibility': 0.9992751479148865}, {'X': 0.45597583055496216, 'Y': 0.39751875400543213, 'Z': -0.7142252922058105, 'Visibility': 0.9573425650596619}, {'X': 0.6087265014648438, 'Y': 0.16952574253082275, 'Z': 0.4458402991294861, 'Visibility': 0.21207140386104584}, {'X': 0.3927466869354248, 'Y': 0.4284466803073883, 'Z': -0.9532370567321777, 'Visibility': 0.9635501503944397}, {'X': 0.5002506971359253, 'Y': 0.12344026565551758, 'Z': 0.8331202864646912, 'Visibility': 0.2043251395225525}, {'X': 0.3675789535045624, 'Y': 0.44388726353645325, 'Z': -1.0347014665603638, 'Visibility': 0.9529325366020203}, {'X': 0.45865312218666077, 'Y': 0.10421520471572876, 'Z': 0.8829249739646912, 'Visibility': 0.20272664725780487}, {'X': 0.36603596806526184, 'Y': 0.43052607774734497, 'Z': -1.0368932485580444, 'Visibility': 0.9538711309432983}, {'X': 0.4517330527305603, 'Y': 0.10798856616020203, 'Z': 0.842413067817688, 'Visibility': 0.18835219740867615}, {'X': 0.37593725323677063, 'Y': 0.42503824830055237, 'Z': -0.9556167125701904, 'Visibility': 0.9107069969177246}, {'X': 0.45958074927330017, 'Y': 0.11534953117370605, 'Z': 0.8141762018203735, 'Visibility': 0.1975797563791275}, {'X': 0.4509934186935425, 'Y': 0.5271778702735901, 'Z': -0.22375865280628204, 'Visibility': 0.9998728036880493}, {'X': 0.6084014177322388, 'Y': 0.5282068848609924, 'Z': 0.22272691130638123, 'Visibility': 0.9996393918991089}, {'X': 0.361627995967865, 'Y': 0.6834520101547241, 'Z': -0.3053259253501892, 'Visibility': 0.940514862537384}, {'X': 0.7006803154945374, 'Y': 0.6301025152206421, 'Z': 0.7222936153411865, 'Visibility': 0.1910744309425354}, {'X': 0.3235953450202942, 'Y': 0.8586804866790771, 'Z': -0.5571961998939514, 'Visibility': 0.9680414795875549}, {'X': 0.7439693212509155, 'Y': 0.7651739716529846, 'Z': 0.978192150592804, 'Visibility': 0.28157472610473633}, {'X': 0.34472623467445374, 'Y': 0.8927586078643799, 'Z': -0.5931121110916138, 'Visibility': 0.9401720762252808}, {'X': 0.7428457736968994, 'Y': 0.7944909930229187, 'Z': 1.000415325164795, 'Visibility': 0.5786803960800171}, {'X': 0.18134799599647522, 'Y': 0.8978011608123779, 'Z': -0.8435906171798706, 'Visibility': 0.9241610765457153}, {'X': 0.7520079612731934, 'Y': 0.7859708666801453, 'Z': 0.9901148676872253, 'Visibility': 0.2360992729663849}]"
./cropped_pose/h_hidari_age_uke_jodan.png,"[{'X': 0.5563269853591919, 'Y': 0.22257724404335022, 'Z': 0.1351250559091568, 'Visibility': 0.999742329120636}, {'X': 0.5446838736534119, 'Y': 0.21209308505058289, 'Z': 0.10135010629892349, 'Visibility': 0.9995216131210327}, {'X': 0.5359019041061401, 'Y': 0.21122205257415771, 'Z': 0.1007443219423294, 'Visibility': 0.9993828535079956}, {'X': 0.5263397097587585, 'Y': 0.21025440096855164, 'Z': 0.10078535228967667, 'Visibility': 0.9995493292808533}, {'X': 0.5639553070068359, 'Y': 0.2144424021244049, 'Z': 0.03711974620819092, 'Visibility': 0.9998703002929688}, {'X': 0.5699079036712646, 'Y': 0.21540576219558716, 'Z': 0.03626979514956474, 'Visibility': 0.9998947381973267}, {'X': 0.5758788585662842, 'Y': 0.21637672185897827, 'Z': 0.03608894348144531, 'Visibility': 0.9999289512634277}, {'X': 0.4988786280155182, 'Y': 0.21398964524269104, 'Z': -0.006150753702968359, 'Visibility': 0.9997847676277161}, {'X': 0.5727575421333313, 'Y': 0.2221970111131668, 'Z': -0.3042950928211212, 'Visibility': 0.9999042749404907}, {'X': 0.5407427549362183, 'Y': 0.2334868311882019, 'Z': 0.1222318708896637, 'Visibility': 0.9995718598365784}, {'X': 0.5599314570426941, 'Y': 0.2347511351108551, 'Z': 0.030989116057753563, 'Visibility': 0.9998084902763367}, {'X': 0.38597920536994934, 'Y': 0.2752670645713806, 'Z': 0.18146730959415436, 'Visibility': 0.9998778104782104}, {'X': 0.55257648229599, 'Y': 0.2964981198310852, 'Z': -0.531510055065155, 'Visibility': 0.9999645948410034}, {'X': 0.45741117000579834, 'Y': 0.18085484206676483, 'Z': 0.5466698408126831, 'Visibility': 0.07380397617816925}, {'X': 0.5243434309959412, 'Y': 0.4037439823150635, 'Z': -0.5825775265693665, 'Visibility': 0.9849247336387634}, {'X': 0.6387922763824463, 'Y': 0.13340991735458374, 'Z': 0.8790397047996521, 'Visibility': 0.8222274780273438}, {'X': 0.6031982898712158, 'Y': 0.44940903782844543, 'Z': -0.486181378364563, 'Visibility': 0.961043119430542}, {'X': 0.6781821250915527, 'Y': 0.12051206827163696, 'Z': 0.935928225517273, 'Visibility': 0.8888026475906372}, {'X': 0.6407875418663025, 'Y': 0.47204816341400146, 'Z': -0.5441053509712219, 'Visibility': 0.9596284031867981}, {'X': 0.6831708550453186, 'Y': 0.12581557035446167, 'Z': 0.8838350176811218, 'Visibility': 0.8885471820831299}, {'X': 0.6521250009536743, 'Y': 0.46152907609939575, 'Z': -0.5359684824943542, 'Visibility': 0.9592817425727844}, {'X': 0.6716362237930298, 'Y': 0.1309691071510315, 'Z': 0.8648055791854858, 'Visibility': 0.8575807809829712}, {'X': 0.6351902484893799, 'Y': 0.4525866210460663, 'Z': -0.478556364774704, 'Visibility': 0.9230462908744812}, {'X': 0.382162868976593, 'Y': 0.5298519730567932, 'Z': 0.2803812325000763, 'Visibility': 0.9999561309814453}, {'X': 0.5214645266532898, 'Y': 0.5307002663612366, 'Z': -0.2804941236972809, 'Visibility': 0.9999727010726929}, {'X': 0.4051238000392914, 'Y': 0.6747984886169434, 'Z': 0.89656662940979, 'Visibility': 0.8595424890518188}, {'X': 0.6232510805130005, 'Y': 0.6869319677352905, 'Z': -0.42728370428085327, 'Visibility': 0.995962917804718}, {'X': 0.32447537779808044, 'Y': 0.8303735256195068, 'Z': 1.2697746753692627, 'Visibility': 0.9661757946014404}, {'X': 0.6159309148788452, 'Y': 0.8182215690612793, 'Z': -0.3889806866645813, 'Visibility': 0.9951565265655518}, {'X': 0.30946654081344604, 'Y': 0.8545644879341125, 'Z': 1.2977818250656128, 'Visibility': 0.9791530966758728}, {'X': 0.5755584239959717, 'Y': 0.8326870203018188, 'Z': -0.3845018744468689, 'Visibility': 0.9822170734405518}, {'X': 0.39099812507629395, 'Y': 0.8345323204994202, 'Z': 1.2591774463653564, 'Visibility': 0.9214287400245667}, {'X': 0.660602867603302, 'Y': 0.9025064706802368, 'Z': -0.5298219323158264, 'Visibility': 0.9821031093597412}]"
./cropped_pose/i_migi_jodan_age_uke.png,"[{'X': 0.49960818886756897, 'Y': 0.24548083543777466, 'Z': 0.4013758897781372, 'Visibility': 0.9999785423278809}, {'X': 0.4957447648048401, 'Y': 0.2349303662776947, 'Z': 0.3096379339694977, 'Visibility': 0.9999854564666748}, {'X': 0.49183037877082825, 'Y': 0.23537978529930115, 'Z': 0.30897194147109985, 'Visibility': 0.9999855756759644}, {'X': 0.48783940076828003, 'Y': 0.23573124408721924, 'Z': 0.3091832995414734, 'Visibility': 0.999992847442627}, {'X': 0.5133149027824402, 'Y': 0.2326182723045349, 'Z': 0.35694071650505066, 'Visibility': 0.9999755620956421}, {'X': 0.5218188166618347, 'Y': 0.23153570294380188, 'Z': 0.3561241626739502, 'Visibility': 0.9999653100967407}, {'X': 0.5299473404884338, 'Y': 0.23030394315719604, 'Z': 0.35622575879096985, 'Visibility': 0.9999674558639526}, {'X': 0.49300912022590637, 'Y': 0.24049831926822662, 'Z': -0.012354772537946701, 'Visibility': 0.9999940395355225}, {'X': 0.5584769248962402, 'Y': 0.23483842611312866, 'Z': 0.21232277154922485, 'Visibility': 0.9999109506607056}, {'X': 0.5016365051269531, 'Y': 0.2568894922733307, 'Z': 0.31182435154914856, 'Visibility': 0.9999794960021973}, {'X': 0.5190978646278381, 'Y': 0.2554865777492523, 'Z': 0.370194673538208, 'Visibility': 0.9999338388442993}, {'X': 0.4687184989452362, 'Y': 0.3177248239517212, 'Z': -0.27261853218078613, 'Visibility': 0.9999959468841553}, {'X': 0.680863618850708, 'Y': 0.29800575971603394, 'Z': 0.29695001244544983, 'Visibility': 0.9997122883796692}, {'X': 0.47981566190719604, 'Y': 0.4084053933620453, 'Z': -0.5166042447090149, 'Visibility': 0.8778383135795593}, {'X': 0.5794196128845215, 'Y': 0.19740009307861328, 'Z': 0.4069911539554596, 'Visibility': 0.2660854756832123}, {'X': 0.4095942974090576, 'Y': 0.46148601174354553, 'Z': -0.697673499584198, 'Visibility': 0.9420197010040283}, {'X': 0.4320327043533325, 'Y': 0.14677473902702332, 'Z': 0.6396037936210632, 'Visibility': 0.37929970026016235}, {'X': 0.3784712851047516, 'Y': 0.4724741280078888, 'Z': -0.7577596306800842, 'Visibility': 0.933400571346283}, {'X': 0.38829776644706726, 'Y': 0.12862882018089294, 'Z': 0.6782162189483643, 'Visibility': 0.4182617664337158}, {'X': 0.3771405518054962, 'Y': 0.4570707082748413, 'Z': -0.7681382894515991, 'Visibility': 0.9387549161911011}, {'X': 0.3777255713939667, 'Y': 0.13136520981788635, 'Z': 0.6377379894256592, 'Visibility': 0.39370399713516235}, {'X': 0.388370543718338, 'Y': 0.45279499888420105, 'Z': -0.7012505531311035, 'Visibility': 0.8958814144134521}, {'X': 0.38382047414779663, 'Y': 0.13722887635231018, 'Z': 0.6172004342079163, 'Visibility': 0.40458908677101135}, {'X': 0.44472503662109375, 'Y': 0.5519465208053589, 'Z': -0.2340223342180252, 'Visibility': 0.999871015548706}, {'X': 0.6141222715377808, 'Y': 0.5505846738815308, 'Z': 0.23257951438426971, 'Visibility': 0.9996474981307983}, {'X': 0.3578663170337677, 'Y': 0.6760613322257996, 'Z': -0.4242549240589142, 'Visibility': 0.9269351363182068}, {'X': 0.6827253103256226, 'Y': 0.6318945288658142, 'Z': 0.9137133359909058, 'Visibility': 0.10818145424127579}, {'X': 0.3353330194950104, 'Y': 0.8383293747901917, 'Z': -0.9049039483070374, 'Visibility': 0.9705571532249451}, {'X': 0.7120411396026611, 'Y': 0.7740356922149658, 'Z': 1.0710256099700928, 'Visibility': 0.33302024006843567}, {'X': 0.3643093407154083, 'Y': 0.8676402568817139, 'Z': -0.9640402793884277, 'Visibility': 0.9535147547721863}, {'X': 0.7094388604164124, 'Y': 0.7972205281257629, 'Z': 1.0834121704101562, 'Visibility': 0.68925541639328}, {'X': 0.1825280487537384, 'Y': 0.8831901550292969, 'Z': -1.2280216217041016, 'Visibility': 0.9534952640533447}, {'X': 0.6910531520843506, 'Y': 0.7894912958145142, 'Z': 1.085151195526123, 'Visibility': 0.3796785771846771}]"
./cropped_pose/j_hidari_gedan_barai.png,"[{'X': 0.6267897486686707, 'Y': 0.20651260018348694, 'Z': -0.16803601384162903, 'Visibility': 0.9999973773956299}, {'X': 0.6215808987617493, 'Y': 0.1854477822780609, 'Z': -0.13419727981090546, 'Visibility': 0.99998939037323}, {'X': 0.6192468404769897, 'Y': 0.18496161699295044, 'Z': -0.13453511893749237, 'Visibility': 0.9999910593032837}, {'X': 0.6168156862258911, 'Y': 0.18455690145492554, 'Z': -0.13454590737819672, 'Visibility': 0.9999938011169434}, {'X': 0.6190299987792969, 'Y': 0.18458619713783264, 'Z': -0.18307216465473175, 'Visibility': 0.999993085861206}, {'X': 0.6135811805725098, 'Y': 0.18326443433761597, 'Z': -0.1834656149148941, 'Visibility': 0.9999945163726807}, {'X': 0.6083181500434875, 'Y': 0.1823946237564087, 'Z': -0.18353040516376495, 'Visibility': 0.999994158744812}, {'X': 0.5889296531677246, 'Y': 0.1867789626121521, 'Z': 0.02182169444859028, 'Visibility': 0.9999974966049194}, {'X': 0.5767358541488647, 'Y': 0.18475499749183655, 'Z': -0.19875313341617584, 'Visibility': 0.9999868869781494}, {'X': 0.6152048707008362, 'Y': 0.21815171837806702, 'Z': -0.1055191233754158, 'Visibility': 0.9999984502792358}, {'X': 0.6108558177947998, 'Y': 0.219180628657341, 'Z': -0.17246314883232117, 'Visibility': 0.9999983310699463}, {'X': 0.6178624629974365, 'Y': 0.302412211894989, 'Z': 0.16755810379981995, 'Visibility': 0.9999995231628418}, {'X': 0.47026050090789795, 'Y': 0.265249103307724, 'Z': -0.2231839895248413, 'Visibility': 0.9999982118606567}, {'X': 0.7038750052452087, 'Y': 0.3867868185043335, 'Z': 0.2539302110671997, 'Visibility': 0.9763044714927673}, {'X': 0.346889853477478, 'Y': 0.3434748947620392, 'Z': -0.32532110810279846, 'Visibility': 0.9993374943733215}, {'X': 0.7882311940193176, 'Y': 0.46293148398399353, 'Z': 0.08198787271976471, 'Visibility': 0.9937500357627869}, {'X': 0.43387624621391296, 'Y': 0.4133484959602356, 'Z': -0.4546440541744232, 'Visibility': 0.9949209094047546}, {'X': 0.8150550723075867, 'Y': 0.48457562923431396, 'Z': 0.057953570038080215, 'Visibility': 0.9884254932403564}, {'X': 0.4682037830352783, 'Y': 0.4337482452392578, 'Z': -0.5162658095359802, 'Visibility': 0.9903193712234497}, {'X': 0.8166413307189941, 'Y': 0.47969385981559753, 'Z': 0.002831059508025646, 'Visibility': 0.9895787835121155}, {'X': 0.474350243806839, 'Y': 0.41994327306747437, 'Z': -0.5146854519844055, 'Visibility': 0.9891603589057922}, {'X': 0.8040986061096191, 'Y': 0.4746633768081665, 'Z': 0.054863594472408295, 'Visibility': 0.987490713596344}, {'X': 0.4671500325202942, 'Y': 0.413635790348053, 'Z': -0.4579910337924957, 'Visibility': 0.9752811789512634}, {'X': 0.5622162818908691, 'Y': 0.5189915299415588, 'Z': 0.13425271213054657, 'Visibility': 0.999988317489624}, {'X': 0.47119683027267456, 'Y': 0.5160346031188965, 'Z': -0.13428615033626556, 'Visibility': 0.9999861717224121}, {'X': 0.7315308451652527, 'Y': 0.6010604500770569, 'Z': -0.09113812446594238, 'Visibility': 0.989700436592102}, {'X': 0.3767785429954529, 'Y': 0.6700248122215271, 'Z': -0.30545422434806824, 'Visibility': 0.9997106194496155}, {'X': 0.7049646973609924, 'Y': 0.7813889980316162, 'Z': 0.12828688323497772, 'Visibility': 0.9808221459388733}, {'X': 0.1980072557926178, 'Y': 0.799665093421936, 'Z': -0.23445424437522888, 'Visibility': 0.9993786811828613}, {'X': 0.681515097618103, 'Y': 0.8120632171630859, 'Z': 0.13959887623786926, 'Visibility': 0.9712419509887695}, {'X': 0.17115813493728638, 'Y': 0.8170356750488281, 'Z': -0.2348647117614746, 'Visibility': 0.9804778695106506}, {'X': 0.7892953157424927, 'Y': 0.8230821490287781, 'Z': -0.006196482107043266, 'Visibility': 0.9845209717750549}, {'X': 0.18711605668067932, 'Y': 0.852771520614624, 'Z': -0.44344213604927063, 'Visibility': 0.9978528022766113}]"
./cropped_pose/k_migi_chudan_oi_zuki.png,"[{'X': 0.5885608196258545, 'Y': 0.18567787110805511, 'Z': 0.10098157823085785, 'Visibility': 0.9998692274093628}, {'X': 0.5822429656982422, 'Y': 0.16814574599266052, 'Z': 0.09767632186412811, 'Visibility': 0.9999066591262817}, {'X': 0.5780848264694214, 'Y': 0.16704198718070984, 'Z': 0.09715186059474945, 'Visibility': 0.999935507774353}, {'X': 0.5739022493362427, 'Y': 0.16588252782821655, 'Z': 0.09724296629428864, 'Visibility': 0.9999346733093262}, {'X': 0.5864359736442566, 'Y': 0.16897499561309814, 'Z': 0.052101511508226395, 'Visibility': 0.9999206066131592}, {'X': 0.5857450366020203, 'Y': 0.16862836480140686, 'Z': 0.05163177475333214, 'Visibility': 0.9999560117721558}, {'X': 0.5853108763694763, 'Y': 0.16827459633350372, 'Z': 0.05152091011404991, 'Visibility': 0.9999395608901978}, {'X': 0.5508120059967041, 'Y': 0.16825124621391296, 'Z': 0.10139339417219162, 'Visibility': 0.9999661445617676}, {'X': 0.5692716836929321, 'Y': 0.17229707539081573, 'Z': -0.10291673988103867, 'Visibility': 0.9998764991760254}, {'X': 0.5776081085205078, 'Y': 0.20340630412101746, 'Z': 0.11796510964632034, 'Visibility': 0.9995855689048767}, {'X': 0.5813552737236023, 'Y': 0.20451465249061584, 'Z': 0.055229827761650085, 'Visibility': 0.9994851350784302}, {'X': 0.4424818754196167, 'Y': 0.26537612080574036, 'Z': 0.16146044433116913, 'Visibility': 0.9998214840888977}, {'X': 0.5645293593406677, 'Y': 0.27066582441329956, 'Z': -0.21809086203575134, 'Visibility': 0.9998812675476074}, {'X': 0.35774239897727966, 'Y': 0.3536059260368347, 'Z': 0.21155773103237152, 'Visibility': 0.40538159012794495}, {'X': 0.6642258167266846, 'Y': 0.2976360619068146, 'Z': -0.40151941776275635, 'Visibility': 0.9970629811286926}, {'X': 0.41887032985687256, 'Y': 0.4242314398288727, 'Z': 0.1686353087425232, 'Visibility': 0.3060716986656189}, {'X': 0.8000905513763428, 'Y': 0.3174174427986145, 'Z': -0.487840473651886, 'Visibility': 0.9934768080711365}, {'X': 0.4322052299976349, 'Y': 0.4435562789440155, 'Z': 0.15805570781230927, 'Visibility': 0.35081228613853455}, {'X': 0.8368246555328369, 'Y': 0.3187844753265381, 'Z': -0.5546237826347351, 'Visibility': 0.9920111298561096}, {'X': 0.4444909691810608, 'Y': 0.43703314661979675, 'Z': 0.12064403295516968, 'Visibility': 0.3427157998085022}, {'X': 0.8390250205993652, 'Y': 0.31398797035217285, 'Z': -0.5328887701034546, 'Visibility': 0.991595447063446}, {'X': 0.44265738129615784, 'Y': 0.4278375208377838, 'Z': 0.15221768617630005, 'Visibility': 0.288300484418869}, {'X': 0.8261072039604187, 'Y': 0.31421858072280884, 'Z': -0.48247450590133667, 'Visibility': 0.9818426370620728}, {'X': 0.4352855682373047, 'Y': 0.5452069044113159, 'Z': 0.11098995804786682, 'Visibility': 0.99996018409729}, {'X': 0.5271310210227966, 'Y': 0.5497919321060181, 'Z': -0.11158906668424606, 'Visibility': 0.9999769926071167}, {'X': 0.35016876459121704, 'Y': 0.6663623452186584, 'Z': 0.29682523012161255, 'Visibility': 0.9914155602455139}, {'X': 0.7038633823394775, 'Y': 0.6282212734222412, 'Z': -0.002435389906167984, 'Visibility': 0.9913150668144226}, {'X': 0.17729997634887695, 'Y': 0.8032609224319458, 'Z': 0.3101435899734497, 'Visibility': 0.9979982972145081}, {'X': 0.6795231699943542, 'Y': 0.8303154706954956, 'Z': 0.06304748356342316, 'Visibility': 0.995112955570221}, {'X': 0.14370080828666687, 'Y': 0.8337790369987488, 'Z': 0.30691227316856384, 'Visibility': 0.998755931854248}, {'X': 0.6588087677955627, 'Y': 0.8693490028381348, 'Z': 0.06728197634220123, 'Visibility': 0.9941950440406799}, {'X': 0.21884870529174805, 'Y': 0.8209665417671204, 'Z': 0.2614329755306244, 'Visibility': 0.9940695762634277}, {'X': 0.7604091763496399, 'Y': 0.8605949878692627, 'Z': 0.022664926946163177, 'Visibility': 0.9869264960289001}]"
./cropped_pose/l_migi_gedan_barai.png,"[{'X': 0.34414538741111755, 'Y': 0.21451950073242188, 'Z': -0.26356664299964905, 'Visibility': 0.9999901056289673}, {'X': 0.35278400778770447, 'Y': 0.19671520590782166, 'Z': -0.27517229318618774, 'Visibility': 0.9999743700027466}, {'X': 0.3566265106201172, 'Y': 0.19621822237968445, 'Z': -0.27557921409606934, 'Visibility': 0.9999717473983765}, {'X': 0.3619658350944519, 'Y': 0.19520992040634155, 'Z': -0.27533939480781555, 'Visibility': 0.9999730587005615}, {'X': 0.3509085476398468, 'Y': 0.1962379813194275, 'Z': -0.22874294221401215, 'Visibility': 0.9999788999557495}, {'X': 0.35262006521224976, 'Y': 0.19578245282173157, 'Z': -0.2292429804801941, 'Visibility': 0.9999823570251465}, {'X': 0.3547206223011017, 'Y': 0.19500479102134705, 'Z': -0.22943419218063354, 'Visibility': 0.9999842643737793}, {'X': 0.3958772122859955, 'Y': 0.19642552733421326, 'Z': -0.266336590051651, 'Visibility': 0.9999833106994629}, {'X': 0.38380157947540283, 'Y': 0.19880840182304382, 'Z': -0.05168698728084564, 'Visibility': 0.9999738931655884}, {'X': 0.36093950271606445, 'Y': 0.22964176535606384, 'Z': -0.2535332441329956, 'Visibility': 0.9999865293502808}, {'X': 0.3586370348930359, 'Y': 0.229678213596344, 'Z': -0.1949450671672821, 'Visibility': 0.9999784231185913}, {'X': 0.49452102184295654, 'Y': 0.26472902297973633, 'Z': -0.29756560921669006, 'Visibility': 0.9999909400939941}, {'X': 0.3697606325149536, 'Y': 0.310659259557724, 'Z': 0.13504579663276672, 'Visibility': 0.9999470710754395}, {'X': 0.613135039806366, 'Y': 0.3336034417152405, 'Z': -0.46265697479248047, 'Visibility': 0.9958908557891846}, {'X': 0.30042052268981934, 'Y': 0.40518447756767273, 'Z': 0.17635536193847656, 'Visibility': 0.7533853054046631}, {'X': 0.5652199983596802, 'Y': 0.4148237109184265, 'Z': -0.6903885006904602, 'Visibility': 0.993035078048706}, {'X': 0.20899496972560883, 'Y': 0.4687086343765259, 'Z': -0.05878185108304024, 'Visibility': 0.9668862223625183}, {'X': 0.5444660782814026, 'Y': 0.4301196336746216, 'Z': -0.7592656016349792, 'Visibility': 0.9886302947998047}, {'X': 0.18406307697296143, 'Y': 0.4927516579627991, 'Z': -0.10024824738502502, 'Visibility': 0.959954559803009}, {'X': 0.5300434827804565, 'Y': 0.42382344603538513, 'Z': -0.7643249034881592, 'Visibility': 0.9877084493637085}, {'X': 0.18172208964824677, 'Y': 0.4919080436229706, 'Z': -0.15225499868392944, 'Visibility': 0.9630521535873413}, {'X': 0.5329827070236206, 'Y': 0.41964638233184814, 'Z': -0.693268895149231, 'Visibility': 0.9743111729621887}, {'X': 0.1938120424747467, 'Y': 0.4864133596420288, 'Z': -0.09040024876594543, 'Visibility': 0.9566588997840881}, {'X': 0.5148886442184448, 'Y': 0.5248108506202698, 'Z': -0.13341735303401947, 'Visibility': 0.9999380111694336}, {'X': 0.42788052558898926, 'Y': 0.5266441702842712, 'Z': 0.13311965763568878, 'Visibility': 0.9998986721038818}, {'X': 0.6207338571548462, 'Y': 0.6688592433929443, 'Z': -0.26046785712242126, 'Visibility': 0.9890111684799194}, {'X': 0.2513214349746704, 'Y': 0.5976318717002869, 'Z': -0.03935334458947182, 'Visibility': 0.9470036029815674}, {'X': 0.796511709690094, 'Y': 0.7801492810249329, 'Z': -0.14596790075302124, 'Visibility': 0.9819684624671936}, {'X': 0.2702355682849884, 'Y': 0.7581689953804016, 'Z': 0.19968152046203613, 'Visibility': 0.8859227895736694}, {'X': 0.8272421360015869, 'Y': 0.7984990477561951, 'Z': -0.1463986188173294, 'Visibility': 0.8494009971618652}, {'X': 0.29538530111312866, 'Y': 0.7896333932876587, 'Z': 0.2187337577342987, 'Visibility': 0.8829914927482605}, {'X': 0.7911587953567505, 'Y': 0.8269476890563965, 'Z': -0.3520374000072479, 'Visibility': 0.9751405119895935}, {'X': 0.20245465636253357, 'Y': 0.8025493621826172, 'Z': 0.1208442971110344, 'Visibility': 0.9173405766487122}]"
./cropped_pose/m_hidari_chudan_oi_zuki.png,"[{'X': 0.42245206236839294, 'Y': 0.19093161821365356, 'Z': 0.06395691633224487, 'Visibility': 0.9997097849845886}, {'X': 0.4289248585700989, 'Y': 0.17113226652145386, 'Z': 0.024307843297719955, 'Visibility': 0.9998561143875122}, {'X': 0.4305877387523651, 'Y': 0.17039138078689575, 'Z': 0.02401432953774929, 'Visibility': 0.9998531341552734}, {'X': 0.43168848752975464, 'Y': 0.1699322760105133, 'Z': 0.02424398623406887, 'Visibility': 0.9998488426208496}, {'X': 0.43320396542549133, 'Y': 0.17147618532180786, 'Z': 0.06368997693061829, 'Visibility': 0.9998975992202759}, {'X': 0.4377836287021637, 'Y': 0.17154625058174133, 'Z': 0.06306368857622147, 'Visibility': 0.9999197721481323}, {'X': 0.44210222363471985, 'Y': 0.17188775539398193, 'Z': 0.0627441480755806, 'Visibility': 0.9999306201934814}, {'X': 0.45459797978401184, 'Y': 0.17496639490127563, 'Z': -0.07594522833824158, 'Visibility': 0.999836802482605}, {'X': 0.4648483991622925, 'Y': 0.1744704246520996, 'Z': 0.09957997500896454, 'Visibility': 0.9998587369918823}, {'X': 0.43066391348838806, 'Y': 0.20729519426822662, 'Z': 0.04348772391676903, 'Visibility': 0.9985905289649963}, {'X': 0.4371698796749115, 'Y': 0.20773769915103912, 'Z': 0.09008939564228058, 'Visibility': 0.998481810092926}, {'X': 0.4287087321281433, 'Y': 0.26267409324645996, 'Z': -0.1763828694820404, 'Visibility': 0.9995163679122925}, {'X': 0.5960356593132019, 'Y': 0.25229641795158386, 'Z': 0.18250522017478943, 'Visibility': 0.998846173286438}, {'X': 0.3186369836330414, 'Y': 0.29636621475219727, 'Z': -0.3010925352573395, 'Visibility': 0.9834713935852051}, {'X': 0.687268853187561, 'Y': 0.3334832489490509, 'Z': 0.30315667390823364, 'Visibility': 0.31255921721458435}, {'X': 0.1834864616394043, 'Y': 0.2937491536140442, 'Z': -0.340437650680542, 'Visibility': 0.9015690088272095}, {'X': 0.609294056892395, 'Y': 0.38903534412384033, 'Z': 0.39414703845977783, 'Visibility': 0.04004087299108505}, {'X': 0.15070348978042603, 'Y': 0.3023410737514496, 'Z': -0.37497609853744507, 'Visibility': 0.9095499515533447}, {'X': 0.5950573086738586, 'Y': 0.4053593575954437, 'Z': 0.40942397713661194, 'Visibility': 0.05299276486039162}, {'X': 0.14743751287460327, 'Y': 0.2910457253456116, 'Z': -0.3559303283691406, 'Visibility': 0.9142179489135742}, {'X': 0.5819159150123596, 'Y': 0.4008702337741852, 'Z': 0.37272828817367554, 'Visibility': 0.0518677718937397}, {'X': 0.15984037518501282, 'Y': 0.28939321637153625, 'Z': -0.32823076844215393, 'Visibility': 0.8549488186836243}, {'X': 0.5869772434234619, 'Y': 0.39520102739334106, 'Z': 0.3809642195701599, 'Visibility': 0.04524674639105797}, {'X': 0.4979325234889984, 'Y': 0.5348746180534363, 'Z': -0.11155413091182709, 'Visibility': 0.9999779462814331}, {'X': 0.5919532775878906, 'Y': 0.527324378490448, 'Z': 0.11096934229135513, 'Visibility': 0.9999672174453735}, {'X': 0.31813037395477295, 'Y': 0.6149842739105225, 'Z': 0.05275672674179077, 'Visibility': 0.974013090133667}, {'X': 0.6818064451217651, 'Y': 0.6456194519996643, 'Z': 0.18587850034236908, 'Visibility': 0.936919629573822}, {'X': 0.3458103537559509, 'Y': 0.7950252294540405, 'Z': 0.007703929208219051, 'Visibility': 0.9945340156555176}, {'X': 0.8332503437995911, 'Y': 0.774523913860321, 'Z': 0.1290358155965805, 'Visibility': 0.9629592895507812}, {'X': 0.3668133616447449, 'Y': 0.8312957882881165, 'Z': 0.001793963136151433, 'Visibility': 0.9953371286392212}, {'X': 0.8434393405914307, 'Y': 0.7957624793052673, 'Z': 0.12581881880760193, 'Visibility': 0.9774850010871887}, {'X': 0.26290297508239746, 'Y': 0.8234023451805115, 'Z': -0.057263877242803574, 'Visibility': 0.9869807362556458}, {'X': 0.8598799109458923, 'Y': 0.8008153438568115, 'Z': 0.09468426555395126, 'Visibility': 0.921734094619751}]"
./cropped_pose/n_hidari_gedan_barai.png,"[{'X': 0.3998286724090576, 'Y': 0.20551756024360657, 'Z': -0.8831202983856201, 'Visibility': 0.9999994039535522}, {'X': 0.4197959005832672, 'Y': 0.18557724356651306, 'Z': -0.8438389301300049, 'Visibility': 0.9999992847442627}, {'X': 0.4333426058292389, 'Y': 0.1846594214439392, 'Z': -0.8447050452232361, 'Visibility': 0.9999991655349731}, {'X': 0.4451931118965149, 'Y': 0.18456977605819702, 'Z': -0.8445523977279663, 'Visibility': 0.9999994039535522}, {'X': 0.3905910849571228, 'Y': 0.1861378252506256, 'Z': -0.8020868897438049, 'Visibility': 0.9999990463256836}, {'X': 0.381916344165802, 'Y': 0.18552294373512268, 'Z': -0.8027948141098022, 'Visibility': 0.9999986886978149}, {'X': 0.37205472588539124, 'Y': 0.18500705063343048, 'Z': -0.8030610084533691, 'Visibility': 0.9999984502792358}, {'X': 0.47129473090171814, 'Y': 0.1873602420091629, 'Z': -0.5383909344673157, 'Visibility': 0.9999994039535522}, {'X': 0.37435248494148254, 'Y': 0.18856677412986755, 'Z': -0.3380987048149109, 'Visibility': 0.9999874830245972}, {'X': 0.4264554977416992, 'Y': 0.21799823641777039, 'Z': -0.7562002539634705, 'Visibility': 0.9999983310699463}, {'X': 0.3894526958465576, 'Y': 0.21907341480255127, 'Z': -0.704075038433075, 'Visibility': 0.9999948740005493}, {'X': 0.582221508026123, 'Y': 0.28615155816078186, 'Z': -0.44629400968551636, 'Visibility': 0.9999985694885254}, {'X': 0.3433073163032532, 'Y': 0.26543623208999634, 'Z': 0.06640668213367462, 'Visibility': 0.999934196472168}, {'X': 0.6562537550926208, 'Y': 0.39895498752593994, 'Z': -0.499605268239975, 'Visibility': 0.9965953230857849}, {'X': 0.35894715785980225, 'Y': 0.3592703938484192, 'Z': 0.006809874437749386, 'Visibility': 0.6057019233703613}, {'X': 0.6576152443885803, 'Y': 0.49361273646354675, 'Z': -0.8016001582145691, 'Visibility': 0.9960792660713196}, {'X': 0.31580692529678345, 'Y': 0.4177939295768738, 'Z': -0.4944365620613098, 'Visibility': 0.886330246925354}, {'X': 0.6568376421928406, 'Y': 0.5269935727119446, 'Z': -0.9292119741439819, 'Visibility': 0.9934399724006653}, {'X': 0.2941884398460388, 'Y': 0.4327641725540161, 'Z': -0.5998679995536804, 'Visibility': 0.8926288485527039}, {'X': 0.6198544502258301, 'Y': 0.5200939774513245, 'Z': -0.9814687371253967, 'Visibility': 0.993931770324707}, {'X': 0.2849855124950409, 'Y': 0.4225219488143921, 'Z': -0.685287356376648, 'Visibility': 0.901380181312561}, {'X': 0.6124273538589478, 'Y': 0.5081426501274109, 'Z': -0.8241429328918457, 'Visibility': 0.9867479801177979}, {'X': 0.29772546887397766, 'Y': 0.41644182801246643, 'Z': -0.5462710857391357, 'Visibility': 0.8682911992073059}, {'X': 0.540010929107666, 'Y': 0.508740246295929, 'Z': -0.20829808712005615, 'Visibility': 0.9999483823776245}, {'X': 0.3917052745819092, 'Y': 0.5085545182228088, 'Z': 0.2077038586139679, 'Visibility': 0.9997473359107971}, {'X': 0.5988329648971558, 'Y': 0.6421642303466797, 'Z': -0.8745645880699158, 'Visibility': 0.9924869537353516}, {'X': 0.3366289734840393, 'Y': 0.6615803241729736, 'Z': 0.47426971793174744, 'Visibility': 0.6741341352462769}, {'X': 0.6397181749343872, 'Y': 0.8346151113510132, 'Z': -0.7455890774726868, 'Visibility': 0.993958592414856}, {'X': 0.39087122678756714, 'Y': 0.7773700952529907, 'Z': 1.4434597492218018, 'Visibility': 0.47814109921455383}, {'X': 0.6503702402114868, 'Y': 0.8620461225509644, 'Z': -0.7558236122131348, 'Visibility': 0.9296150207519531}, {'X': 0.43169060349464417, 'Y': 0.7960617542266846, 'Z': 1.53146231174469, 'Visibility': 0.5538268089294434}, {'X': 0.6017458438873291, 'Y': 0.8986974954605103, 'Z': -1.2116551399230957, 'Visibility': 0.9936878085136414}, {'X': 0.2545332908630371, 'Y': 0.8130855560302734, 'Z': 1.3532605171203613, 'Visibility': 0.6336846947669983}]"
./cropped_pose/o_migi_chudan_oi_zuki.png,"[{'X': 0.45701083540916443, 'Y': 0.20510607957839966, 'Z': -1.109755039215088, 'Visibility': 0.9999995231628418}, {'X': 0.4734373688697815, 'Y': 0.18976667523384094, 'Z': -1.0524147748947144, 'Visibility': 0.9999974966049194}, {'X': 0.48654210567474365, 'Y': 0.1889871060848236, 'Z': -1.0531920194625854, 'Visibility': 0.9999984502792358}, {'X': 0.49756693840026855, 'Y': 0.1886395961046219, 'Z': -1.0531779527664185, 'Visibility': 0.9999969005584717}, {'X': 0.443711519241333, 'Y': 0.19063499569892883, 'Z': -1.0858690738677979, 'Visibility': 0.9999986886978149}, {'X': 0.43437063694000244, 'Y': 0.19022881984710693, 'Z': -1.0868281126022339, 'Visibility': 0.9999992847442627}, {'X': 0.4236156940460205, 'Y': 0.18924671411514282, 'Z': -1.087105631828308, 'Visibility': 0.9999979734420776}, {'X': 0.5102851986885071, 'Y': 0.19437134265899658, 'Z': -0.662730872631073, 'Visibility': 0.9999986886978149}, {'X': 0.4027143120765686, 'Y': 0.19272783398628235, 'Z': -0.8343732357025146, 'Visibility': 0.9999980926513672}, {'X': 0.47811728715896606, 'Y': 0.21975594758987427, 'Z': -0.9564123153686523, 'Visibility': 0.9999986886978149}, {'X': 0.44181618094444275, 'Y': 0.21884459257125854, 'Z': -1.0090391635894775, 'Visibility': 0.9999984502792358}, {'X': 0.6001807451248169, 'Y': 0.272624135017395, 'Z': -0.32532453536987305, 'Visibility': 0.9999996423721313}, {'X': 0.31453561782836914, 'Y': 0.28274625539779663, 'Z': -0.7749971747398376, 'Visibility': 0.9999995231628418}, {'X': 0.6629381775856018, 'Y': 0.3442242741584778, 'Z': -0.3989703357219696, 'Visibility': 0.9984419941902161}, {'X': 0.3031647205352783, 'Y': 0.3235589265823364, 'Z': -1.4581693410873413, 'Visibility': 0.9996391534805298}, {'X': 0.6564038991928101, 'Y': 0.41673344373703003, 'Z': -0.8737593293190002, 'Visibility': 0.9992951154708862}, {'X': 0.35137516260147095, 'Y': 0.3432530462741852, 'Z': -2.3349523544311523, 'Visibility': 0.9992584586143494}, {'X': 0.658867359161377, 'Y': 0.4409182667732239, 'Z': -0.9751023650169373, 'Visibility': 0.9984018206596375}, {'X': 0.37228626012802124, 'Y': 0.3539547324180603, 'Z': -2.559952974319458, 'Visibility': 0.998719334602356}, {'X': 0.6508576273918152, 'Y': 0.43079569935798645, 'Z': -1.0522589683532715, 'Visibility': 0.9987326264381409}, {'X': 0.39751914143562317, 'Y': 0.34175828099250793, 'Z': -2.5378828048706055, 'Visibility': 0.9986028075218201}, {'X': 0.641879677772522, 'Y': 0.42254456877708435, 'Z': -0.9106557965278625, 'Visibility': 0.9965803027153015}, {'X': 0.39655637741088867, 'Y': 0.3407059609889984, 'Z': -2.3504977226257324, 'Visibility': 0.9945312142372131}, {'X': 0.5572500824928284, 'Y': 0.5015321969985962, 'Z': 0.16758979856967926, 'Visibility': 0.9999866485595703}, {'X': 0.3939235508441925, 'Y': 0.5071644186973572, 'Z': -0.16787849366664886, 'Visibility': 0.9999963045120239}, {'X': 0.6434484124183655, 'Y': 0.6441230177879333, 'Z': 0.618012011051178, 'Visibility': 0.9932535290718079}, {'X': 0.320161372423172, 'Y': 0.6488845944404602, 'Z': -1.0234923362731934, 'Visibility': 0.9999723434448242}, {'X': 0.6556581258773804, 'Y': 0.7761528491973877, 'Z': 1.5607088804244995, 'Visibility': 0.9780812859535217}, {'X': 0.2849123775959015, 'Y': 0.8388841152191162, 'Z': -0.8934372067451477, 'Visibility': 0.9999698400497437}, {'X': 0.626871645450592, 'Y': 0.8016130328178406, 'Z': 1.627794623374939, 'Visibility': 0.9191099405288696}, {'X': 0.2817929685115814, 'Y': 0.8658348321914673, 'Z': -0.9049110412597656, 'Visibility': 0.9958285689353943}, {'X': 0.7722381353378296, 'Y': 0.81639564037323, 'Z': 1.264212727546692, 'Visibility': 0.9828618764877319}, {'X': 0.3042968511581421, 'Y': 0.8955870866775513, 'Z': -1.4206262826919556, 'Visibility': 0.9999545812606812}]"
./cropped_pose/p_hidari_chudan_oi_zuki.png,"[{'X': 0.4743708372116089, 'Y': 0.1755760908126831, 'Z': -1.0412251949310303, 'Visibility': 0.9999998807907104}, {'X': 0.49592337012290955, 'Y': 0.1587826907634735, 'Z': -1.0161281824111938, 'Visibility': 0.9999998807907104}, {'X': 0.5126531720161438, 'Y': 0.15839287638664246, 'Z': -1.0169697999954224, 'Visibility': 0.9999998807907104}, {'X': 0.5276241898536682, 'Y': 0.15813806653022766, 'Z': -1.0166887044906616, 'Visibility': 0.9999998807907104}, {'X': 0.4612679183483124, 'Y': 0.15884503722190857, 'Z': -0.9800699949264526, 'Visibility': 0.9999998807907104}, {'X': 0.4488038420677185, 'Y': 0.15816199779510498, 'Z': -0.9806493520736694, 'Visibility': 0.9999998807907104}, {'X': 0.436426043510437, 'Y': 0.15754187107086182, 'Z': -0.9809985756874084, 'Visibility': 0.9999998807907104}, {'X': 0.5523316860198975, 'Y': 0.16319461166858673, 'Z': -0.721184253692627, 'Visibility': 1.0}, {'X': 0.4250945746898651, 'Y': 0.16045033931732178, 'Z': -0.5478925704956055, 'Visibility': 0.9999998807907104}, {'X': 0.5021755695343018, 'Y': 0.19122010469436646, 'Z': -0.9159587621688843, 'Visibility': 0.9999998807907104}, {'X': 0.4546307623386383, 'Y': 0.18896308541297913, 'Z': -0.8715518116950989, 'Visibility': 0.9999997615814209}, {'X': 0.6486862897872925, 'Y': 0.24877144396305084, 'Z': -0.6681744456291199, 'Visibility': 0.9999982118606567}, {'X': 0.34716951847076416, 'Y': 0.24520665407180786, 'Z': -0.09614814072847366, 'Visibility': 0.9999879598617554}, {'X': 0.6304998397827148, 'Y': 0.3283849358558655, 'Z': -1.1812760829925537, 'Visibility': 0.9988419413566589}, {'X': 0.3607751727104187, 'Y': 0.3291211426258087, 'Z': 0.29834091663360596, 'Visibility': 0.5190466642379761}, {'X': 0.5231353640556335, 'Y': 0.3151956796646118, 'Z': -1.8557813167572021, 'Visibility': 0.9991186261177063}, {'X': 0.35697048902511597, 'Y': 0.3955906927585602, 'Z': 0.5220727920532227, 'Visibility': 0.7017059922218323}, {'X': 0.4882630705833435, 'Y': 0.315685510635376, 'Z': -2.0063865184783936, 'Visibility': 0.9990853071212769}, {'X': 0.3358707129955292, 'Y': 0.41549041867256165, 'Z': 0.5386287569999695, 'Visibility': 0.6901964545249939}, {'X': 0.48272255063056946, 'Y': 0.3018767833709717, 'Z': -2.057255268096924, 'Visibility': 0.9992963075637817}, {'X': 0.32484251260757446, 'Y': 0.40849244594573975, 'Z': 0.5021733641624451, 'Visibility': 0.6939318776130676}, {'X': 0.4910658299922943, 'Y': 0.30288657546043396, 'Z': -1.8905901908874512, 'Visibility': 0.998117208480835}, {'X': 0.33814260363578796, 'Y': 0.40084290504455566, 'Z': 0.515209436416626, 'Visibility': 0.6254493594169617}, {'X': 0.6105219125747681, 'Y': 0.4774765372276306, 'Z': -0.19129188358783722, 'Visibility': 0.99998939037323}, {'X': 0.42744529247283936, 'Y': 0.4797239303588867, 'Z': 0.19118638336658478, 'Visibility': 0.9999786615371704}, {'X': 0.6564401388168335, 'Y': 0.6455517411231995, 'Z': -0.5145150423049927, 'Visibility': 0.9998666048049927}, {'X': 0.33865755796432495, 'Y': 0.6058343648910522, 'Z': 0.5664704442024231, 'Visibility': 0.9730158448219299}, {'X': 0.7114065289497375, 'Y': 0.820425271987915, 'Z': -0.177469402551651, 'Visibility': 0.9997733235359192}, {'X': 0.36214491724967957, 'Y': 0.7134926319122314, 'Z': 1.7971090078353882, 'Visibility': 0.9034870266914368}, {'X': 0.7250561118125916, 'Y': 0.8370345830917358, 'Z': -0.15721547603607178, 'Visibility': 0.9958322644233704}, {'X': 0.3960799276828766, 'Y': 0.7249788045883179, 'Z': 1.917229175567627, 'Visibility': 0.9011507034301758}, {'X': 0.6673926115036011, 'Y': 0.8829892873764038, 'Z': -0.563033401966095, 'Visibility': 0.9997798800468445}, {'X': 0.24514655768871307, 'Y': 0.772265613079071, 'Z': 1.7873233556747437, 'Visibility': 0.9536256194114685}]"
./cropped_pose/q_migi_chudan_oi_zuki.png,"[{'X': 0.4675973951816559, 'Y': 0.17065870761871338, 'Z': -1.116824746131897, 'Visibility': 0.9999992847442627}, {'X': 0.488057941198349, 'Y': 0.15169820189476013, 'Z': -1.0520596504211426, 'Visibility': 0.9999860525131226}, {'X': 0.5036090016365051, 'Y': 0.1512095332145691, 'Z': -1.0527551174163818, 'Visibility': 0.9999971389770508}, {'X': 0.5156252980232239, 'Y': 0.15116313099861145, 'Z': -1.0529438257217407, 'Visibility': 0.9999808073043823}, {'X': 0.4480801820755005, 'Y': 0.15126514434814453, 'Z': -1.0735760927200317, 'Visibility': 0.9999932050704956}, {'X': 0.43518102169036865, 'Y': 0.15074604749679565, 'Z': -1.0746506452560425, 'Visibility': 0.9999986886978149}, {'X': 0.42317917943000793, 'Y': 0.15072429180145264, 'Z': -1.0748144388198853, 'Visibility': 0.9999885559082031}, {'X': 0.5322862267494202, 'Y': 0.1547374427318573, 'Z': -0.6421341300010681, 'Visibility': 0.9999978542327881}, {'X': 0.4025888741016388, 'Y': 0.15485712885856628, 'Z': -0.7653974890708923, 'Visibility': 0.9999979734420776}, {'X': 0.49359360337257385, 'Y': 0.18641632795333862, 'Z': -0.9619446992874146, 'Visibility': 0.999995231628418}, {'X': 0.44560226798057556, 'Y': 0.1863427609205246, 'Z': -1.000127911567688, 'Visibility': 0.9999948740005493}, {'X': 0.6300078630447388, 'Y': 0.24865804612636566, 'Z': -0.3926298916339874, 'Visibility': 0.9999997615814209}, {'X': 0.3093520402908325, 'Y': 0.25720280408859253, 'Z': -0.7263176441192627, 'Visibility': 0.9999998807907104}, {'X': 0.6964948773384094, 'Y': 0.3229631185531616, 'Z': -0.8410863876342773, 'Visibility': 0.9998588562011719}, {'X': 0.29555758833885193, 'Y': 0.3084719777107239, 'Z': -1.5677156448364258, 'Visibility': 0.9999679327011108}, {'X': 0.6859650611877441, 'Y': 0.3956320285797119, 'Z': -1.6064292192459106, 'Visibility': 0.9999490976333618}, {'X': 0.37079402804374695, 'Y': 0.3417678773403168, 'Z': -2.5576632022857666, 'Visibility': 0.9999649524688721}, {'X': 0.6857473254203796, 'Y': 0.4193706810474396, 'Z': -1.7624931335449219, 'Visibility': 0.9998798370361328}, {'X': 0.3916454613208771, 'Y': 0.3486466705799103, 'Z': -2.7833003997802734, 'Visibility': 0.9999434947967529}, {'X': 0.6840890049934387, 'Y': 0.4091441035270691, 'Z': -1.7887179851531982, 'Visibility': 0.9999088048934937}, {'X': 0.4193960130214691, 'Y': 0.33891475200653076, 'Z': -2.735368490219116, 'Visibility': 0.9999350309371948}, {'X': 0.674843430519104, 'Y': 0.4012579321861267, 'Z': -1.6311391592025757, 'Visibility': 0.9996322393417358}, {'X': 0.41715914011001587, 'Y': 0.3382379412651062, 'Z': -2.5648577213287354, 'Visibility': 0.9996867179870605}, {'X': 0.5776065587997437, 'Y': 0.48213818669319153, 'Z': 0.13759535551071167, 'Visibility': 0.9999960660934448}, {'X': 0.3903529644012451, 'Y': 0.4909486770629883, 'Z': -0.13810580968856812, 'Visibility': 0.9999995231628418}, {'X': 0.6906823515892029, 'Y': 0.626391589641571, 'Z': 0.55650794506073, 'Visibility': 0.9998138546943665}, {'X': 0.26290571689605713, 'Y': 0.6361464262008667, 'Z': -1.1552571058273315, 'Visibility': 0.9999996423721313}, {'X': 0.7127372026443481, 'Y': 0.7405364513397217, 'Z': 1.735107183456421, 'Visibility': 0.9970945119857788}, {'X': 0.25297120213508606, 'Y': 0.8607789874076843, 'Z': -1.0225225687026978, 'Visibility': 0.9999996423721313}, {'X': 0.6762663722038269, 'Y': 0.7619626522064209, 'Z': 1.8284540176391602, 'Visibility': 0.987496018409729}, {'X': 0.26234880089759827, 'Y': 0.8796625733375549, 'Z': -1.0365792512893677, 'Visibility': 0.9998561143875122}, {'X': 0.8359454870223999, 'Y': 0.7860814929008484, 'Z': 1.4672123193740845, 'Visibility': 0.997665524482727}, {'X': 0.25622060894966125, 'Y': 0.9034469127655029, 'Z': -1.5794028043746948, 'Visibility': 0.9999991655349731}]"
./cropped_pose/r_hidari_chudan_shuto_uke.png,"[{'X': 0.48904505372047424, 'Y': 0.14682859182357788, 'Z': 0.2957404851913452, 'Visibility': 0.9999717473983765}, {'X': 0.4913415014743805, 'Y': 0.12626013159751892, 'Z': 0.23332355916500092, 'Visibility': 0.9999879598617554}, {'X': 0.4922405779361725, 'Y': 0.12616831064224243, 'Z': 0.23305529356002808, 'Visibility': 0.999987006187439}, {'X': 0.4924785792827606, 'Y': 0.12628063559532166, 'Z': 0.23327024281024933, 'Visibility': 0.9999886751174927}, {'X': 0.498310923576355, 'Y': 0.12415748834609985, 'Z': 0.2768253684043884, 'Visibility': 0.999991774559021}, {'X': 0.5043455958366394, 'Y': 0.12315982580184937, 'Z': 0.27609822154045105, 'Visibility': 0.9999922513961792}, {'X': 0.5104232430458069, 'Y': 0.12230655550956726, 'Z': 0.2758466601371765, 'Visibility': 0.9999936819076538}, {'X': 0.5177919864654541, 'Y': 0.1293531060218811, 'Z': 0.04124704748392105, 'Visibility': 0.9999920129776001}, {'X': 0.540367841720581, 'Y': 0.12532061338424683, 'Z': 0.23479367792606354, 'Visibility': 0.99998939037323}, {'X': 0.5005399584770203, 'Y': 0.16706430912017822, 'Z': 0.24596646428108215, 'Visibility': 0.9999309778213501}, {'X': 0.5106265544891357, 'Y': 0.16757015883922577, 'Z': 0.2977774441242218, 'Visibility': 0.9999085664749146}, {'X': 0.4992326498031616, 'Y': 0.2491939663887024, 'Z': -0.07225293666124344, 'Visibility': 0.999951958656311}, {'X': 0.714063823223114, 'Y': 0.2400982677936554, 'Z': 0.2561694383621216, 'Visibility': 0.999788224697113}, {'X': 0.36390483379364014, 'Y': 0.3325119912624359, 'Z': -0.042937107384204865, 'Visibility': 0.9866912364959717}, {'X': 0.7579006552696228, 'Y': 0.37556910514831543, 'Z': 0.39079225063323975, 'Visibility': 0.16783861815929413}, {'X': 0.206743985414505, 'Y': 0.2929288148880005, 'Z': 0.15424305200576782, 'Visibility': 0.8598619699478149}, {'X': 0.662121593952179, 'Y': 0.4087271988391876, 'Z': 0.5769609212875366, 'Visibility': 0.003103767754510045}, {'X': 0.16735568642616272, 'Y': 0.27979880571365356, 'Z': 0.16195036470890045, 'Visibility': 0.8486925363540649}, {'X': 0.6415883898735046, 'Y': 0.42971622943878174, 'Z': 0.6103118658065796, 'Visibility': 0.0038013330195099115}, {'X': 0.1788788139820099, 'Y': 0.2612552046775818, 'Z': 0.17519240081310272, 'Visibility': 0.8446689248085022}, {'X': 0.6250338554382324, 'Y': 0.4166601300239563, 'Z': 0.5792725086212158, 'Visibility': 0.003468405455350876}, {'X': 0.19382745027542114, 'Y': 0.26718080043792725, 'Z': 0.17084172368049622, 'Visibility': 0.7829025983810425}, {'X': 0.6317169070243835, 'Y': 0.4120643138885498, 'Z': 0.5673074126243591, 'Visibility': 0.004022441804409027}, {'X': 0.5603777766227722, 'Y': 0.5387324094772339, 'Z': -0.07466061413288116, 'Visibility': 0.9999845027923584}, {'X': 0.6929323077201843, 'Y': 0.5312929749488831, 'Z': 0.07389237731695175, 'Visibility': 0.9999743700027466}, {'X': 0.3139899969100952, 'Y': 0.6425372362136841, 'Z': 0.2389955371618271, 'Visibility': 0.9864227175712585}, {'X': 0.8086561560630798, 'Y': 0.6642414331436157, 'Z': 0.3853211998939514, 'Visibility': 0.9311895370483398}, {'X': 0.2220260500907898, 'Y': 0.8464653491973877, 'Z': 0.24880598485469818, 'Visibility': 0.9956369996070862}, {'X': 0.8479856252670288, 'Y': 0.8517460823059082, 'Z': 0.4005133807659149, 'Visibility': 0.9687928557395935}, {'X': 0.24797409772872925, 'Y': 0.8822824358940125, 'Z': 0.25083211064338684, 'Visibility': 0.9958848357200623}, {'X': 0.8473224639892578, 'Y': 0.8902422189712524, 'Z': 0.40508538484573364, 'Visibility': 0.9749045372009277}, {'X': 0.09089428186416626, 'Y': 0.8787009716033936, 'Z': 0.2311704009771347, 'Visibility': 0.984495222568512}, {'X': 0.8864282369613647, 'Y': 0.8712527751922607, 'Z': 0.4006043076515198, 'Visibility': 0.9087920784950256}]"
./cropped_pose/s_migi_chudan_shuto_uke.png,"[{'X': 0.4194718599319458, 'Y': 0.16002783179283142, 'Z': 0.17628298699855804, 'Visibility': 0.9996236562728882}, {'X': 0.4202117919921875, 'Y': 0.1417100727558136, 'Z': 0.07962407916784286, 'Visibility': 0.9993095397949219}, {'X': 0.419587105512619, 'Y': 0.14211353659629822, 'Z': 0.07882893830537796, 'Visibility': 0.9994459748268127}, {'X': 0.4182348847389221, 'Y': 0.14246177673339844, 'Z': 0.0790204182267189, 'Visibility': 0.9995027780532837}, {'X': 0.43141457438468933, 'Y': 0.13974326848983765, 'Z': 0.18179792165756226, 'Visibility': 0.9994459748268127}, {'X': 0.4388974606990814, 'Y': 0.13882622122764587, 'Z': 0.18081992864608765, 'Visibility': 0.9995759129524231}, {'X': 0.4461962580680847, 'Y': 0.13766926527023315, 'Z': 0.18046146631240845, 'Visibility': 0.9996565580368042}, {'X': 0.43803122639656067, 'Y': 0.14803242683410645, 'Z': -0.22997768223285675, 'Visibility': 0.9998480081558228}, {'X': 0.47921431064605713, 'Y': 0.14310035109519958, 'Z': 0.24116289615631104, 'Visibility': 0.9997093081474304}, {'X': 0.43063750863075256, 'Y': 0.1766231656074524, 'Z': 0.08660686016082764, 'Visibility': 0.9995926022529602}, {'X': 0.43874087929725647, 'Y': 0.17613190412521362, 'Z': 0.2171245813369751, 'Visibility': 0.999372661113739}, {'X': 0.5145558714866638, 'Y': 0.24098274111747742, 'Z': -0.5177353620529175, 'Visibility': 0.9999620914459229}, {'X': 0.5584325790405273, 'Y': 0.23421943187713623, 'Z': 0.5749598145484924, 'Visibility': 0.9997188448905945}, {'X': 0.5110290050506592, 'Y': 0.40518274903297424, 'Z': -0.37154093384742737, 'Visibility': 0.5579333901405334}, {'X': 0.45382949709892273, 'Y': 0.33482253551483154, 'Z': 0.9428538680076599, 'Visibility': 0.017046203836798668}, {'X': 0.41914308071136475, 'Y': 0.42263805866241455, 'Z': 0.2486800253391266, 'Visibility': 0.23329736292362213}, {'X': 0.31361111998558044, 'Y': 0.27753472328186035, 'Z': 1.0806211233139038, 'Visibility': 0.33859553933143616}, {'X': 0.3856980502605438, 'Y': 0.43464601039886475, 'Z': 0.2806934416294098, 'Visibility': 0.2811426520347595}, {'X': 0.26615893840789795, 'Y': 0.25177502632141113, 'Z': 1.1343021392822266, 'Visibility': 0.5315677523612976}, {'X': 0.38249528408050537, 'Y': 0.4200552999973297, 'Z': 0.29006949067115784, 'Visibility': 0.264942467212677}, {'X': 0.25842469930648804, 'Y': 0.24479621648788452, 'Z': 1.0991381406784058, 'Visibility': 0.5323306322097778}, {'X': 0.3885374069213867, 'Y': 0.41794055700302124, 'Z': 0.2764333486557007, 'Visibility': 0.203095942735672}, {'X': 0.2730288505554199, 'Y': 0.25276321172714233, 'Z': 1.059796690940857, 'Visibility': 0.5123797655105591}, {'X': 0.5703492760658264, 'Y': 0.5237627625465393, 'Z': -0.3775509297847748, 'Visibility': 0.9994087219238281}, {'X': 0.5469111800193787, 'Y': 0.515623927116394, 'Z': 0.3771241009235382, 'Visibility': 0.9991242289543152}, {'X': 0.4747351109981537, 'Y': 0.7019104957580566, 'Z': -0.540076494216919, 'Visibility': 0.8433622717857361}, {'X': 0.3538171350955963, 'Y': 0.6201536655426025, 'Z': 0.9223507046699524, 'Visibility': 0.020916270092129707}, {'X': 0.7356637716293335, 'Y': 0.8634997010231018, 'Z': -0.6741113662719727, 'Visibility': 0.8904851675033569}, {'X': 0.36082059144973755, 'Y': 0.7778286933898926, 'Z': 1.3354569673538208, 'Visibility': 0.09611394256353378}, {'X': 0.813800036907196, 'Y': 0.8909168243408203, 'Z': -0.6955430507659912, 'Visibility': 0.7294830083847046}, {'X': 0.39918094873428345, 'Y': 0.8155034780502319, 'Z': 1.3729037046432495, 'Visibility': 0.2266005128622055}, {'X': 0.5906015038490295, 'Y': 0.9136176109313965, 'Z': -0.9078180193901062, 'Visibility': 0.882318913936615}, {'X': 0.22590380907058716, 'Y': 0.8029679656028748, 'Z': 1.389184594154358, 'Visibility': 0.16219140589237213}]"
./cropped_pose/t_migi_chudan_shuto_uke.png,"[{'X': 0.5558201670646667, 'Y': 0.16715088486671448, 'Z': 0.06352590769529343, 'Visibility': 0.9989789724349976}, {'X': 0.5485442876815796, 'Y': 0.149010568857193, 'Z': 0.07880139350891113, 'Visibility': 0.9993051290512085}, {'X': 0.5445988178253174, 'Y': 0.14738890528678894, 'Z': 0.0781349241733551, 'Visibility': 0.9992287158966064}, {'X': 0.5409070253372192, 'Y': 0.14593076705932617, 'Z': 0.07826565951108932, 'Visibility': 0.9994751811027527}, {'X': 0.5493983030319214, 'Y': 0.14964044094085693, 'Z': 0.009166414849460125, 'Visibility': 0.9995613694190979}, {'X': 0.5465084910392761, 'Y': 0.1486215591430664, 'Z': 0.008459033444523811, 'Visibility': 0.9996768236160278}, {'X': 0.543755292892456, 'Y': 0.14745888113975525, 'Z': 0.008101645857095718, 'Visibility': 0.9997674822807312}, {'X': 0.5075482130050659, 'Y': 0.14601242542266846, 'Z': 0.15526141226291656, 'Visibility': 0.9997115731239319}, {'X': 0.5119496583938599, 'Y': 0.1471678614616394, 'Z': -0.16127857565879822, 'Visibility': 0.9994297623634338}, {'X': 0.5401553511619568, 'Y': 0.18414852023124695, 'Z': 0.10989020764827728, 'Visibility': 0.9976553916931152}, {'X': 0.540992796421051, 'Y': 0.18563643097877502, 'Z': 0.013402849435806274, 'Visibility': 0.9976502060890198}, {'X': 0.36920344829559326, 'Y': 0.25108298659324646, 'Z': 0.32265084981918335, 'Visibility': 0.9992581009864807}, {'X': 0.5003336071968079, 'Y': 0.25326988101005554, 'Z': -0.29953914880752563, 'Visibility': 0.9996545314788818}, {'X': 0.3795557916164398, 'Y': 0.3605974316596985, 'Z': 0.7218641638755798, 'Visibility': 0.020564420148730278}, {'X': 0.6423136591911316, 'Y': 0.3467668294906616, 'Z': -0.4901250898838043, 'Visibility': 0.949731707572937}, {'X': 0.4666888117790222, 'Y': 0.39957308769226074, 'Z': 1.0457954406738281, 'Visibility': 0.00808672420680523}, {'X': 0.8165767192840576, 'Y': 0.31228891015052795, 'Z': -0.4791834354400635, 'Visibility': 0.9526488780975342}, {'X': 0.48155105113983154, 'Y': 0.4075542688369751, 'Z': 1.125171184539795, 'Visibility': 0.013653379864990711}, {'X': 0.8650673031806946, 'Y': 0.28950101137161255, 'Z': -0.5508899092674255, 'Visibility': 0.950851321220398}, {'X': 0.48989248275756836, 'Y': 0.3968917727470398, 'Z': 1.0668679475784302, 'Visibility': 0.013346831314265728}, {'X': 0.8591886758804321, 'Y': 0.27478307485580444, 'Z': -0.4941074848175049, 'Visibility': 0.9433221220970154}, {'X': 0.4895700514316559, 'Y': 0.3888319730758667, 'Z': 1.0335944890975952, 'Visibility': 0.013766040094196796}, {'X': 0.8443145155906677, 'Y': 0.28196436166763306, 'Z': -0.45831233263015747, 'Visibility': 0.8901589512825012}, {'X': 0.3422062397003174, 'Y': 0.5346980690956116, 'Z': 0.171436607837677, 'Visibility': 0.9999364614486694}, {'X': 0.4622254967689514, 'Y': 0.5333585143089294, 'Z': -0.1720801144838333, 'Visibility': 0.9999653100967407}, {'X': 0.26666563749313354, 'Y': 0.6675504446029663, 'Z': 0.6223649382591248, 'Visibility': 0.8571872711181641}, {'X': 0.7093281149864197, 'Y': 0.6195552349090576, 'Z': 0.023118989542126656, 'Visibility': 0.9769217371940613}, {'X': 0.14265549182891846, 'Y': 0.8245553374290466, 'Z': 0.7698849439620972, 'Visibility': 0.9666332006454468}, {'X': 0.7794844508171082, 'Y': 0.8385542035102844, 'Z': 0.10306686162948608, 'Visibility': 0.9957391023635864}, {'X': 0.11805826425552368, 'Y': 0.8567783832550049, 'Z': 0.7833437323570251, 'Visibility': 0.9745851159095764}, {'X': 0.7602442502975464, 'Y': 0.884066104888916, 'Z': 0.1168760284781456, 'Visibility': 0.9958957433700562}, {'X': 0.1343717873096466, 'Y': 0.8533629775047302, 'Z': 0.7754348516464233, 'Visibility': 0.9394147992134094}, {'X': 0.8993398547172546, 'Y': 0.8692924976348877, 'Z': 0.09348135441541672, 'Visibility': 0.9850876927375793}]"
./cropped_pose/u_hidari_chudan_shuto_uke.png,"[{'X': 0.523189127445221, 'Y': 0.1748982071876526, 'Z': -0.037576738744974136, 'Visibility': 0.9996694326400757}, {'X': 0.5100118517875671, 'Y': 0.15751707553863525, 'Z': -0.011205168440937996, 'Visibility': 0.999168872833252}, {'X': 0.5045523643493652, 'Y': 0.15717604756355286, 'Z': -0.01186616811901331, 'Visibility': 0.9992683529853821}, {'X': 0.499198317527771, 'Y': 0.15658345818519592, 'Z': -0.011805800721049309, 'Visibility': 0.9994977712631226}, {'X': 0.5133457779884338, 'Y': 0.1579035520553589, 'Z': -0.09670110791921616, 'Visibility': 0.9996143579483032}, {'X': 0.510675311088562, 'Y': 0.157821387052536, 'Z': -0.09746625274419785, 'Visibility': 0.9996929168701172}, {'X': 0.5081509947776794, 'Y': 0.15752211213111877, 'Z': -0.09777715802192688, 'Visibility': 0.9997126460075378}, {'X': 0.46698543429374695, 'Y': 0.16127988696098328, 'Z': 0.10957194119691849, 'Visibility': 0.9998133778572083}, {'X': 0.4799784719944, 'Y': 0.16341149806976318, 'Z': -0.2802180349826813, 'Visibility': 0.9996540546417236}, {'X': 0.5056631565093994, 'Y': 0.19313806295394897, 'Z': 0.01978471130132675, 'Visibility': 0.999743640422821}, {'X': 0.5076997876167297, 'Y': 0.19312095642089844, 'Z': -0.09769508242607117, 'Visibility': 0.9998323917388916}, {'X': 0.4452691376209259, 'Y': 0.26973825693130493, 'Z': 0.3582901656627655, 'Visibility': 0.9999839067459106}, {'X': 0.37352150678634644, 'Y': 0.27438995242118835, 'Z': -0.4479716122150421, 'Visibility': 0.9999878406524658}, {'X': 0.5663647055625916, 'Y': 0.3286032974720001, 'Z': 0.7154603004455566, 'Visibility': 0.35692188143730164}, {'X': 0.3554289638996124, 'Y': 0.42229756712913513, 'Z': -0.42198383808135986, 'Visibility': 0.9910606741905212}, {'X': 0.7500647306442261, 'Y': 0.290235698223114, 'Z': 0.9291163682937622, 'Visibility': 0.7934389710426331}, {'X': 0.48458343744277954, 'Y': 0.4405830502510071, 'Z': -0.14943480491638184, 'Visibility': 0.9741362929344177}, {'X': 0.7753452062606812, 'Y': 0.2668192684650421, 'Z': 0.9972608685493469, 'Visibility': 0.8035973310470581}, {'X': 0.5305481553077698, 'Y': 0.4463790953159332, 'Z': -0.17843462526798248, 'Visibility': 0.9623497128486633}, {'X': 0.7796432971954346, 'Y': 0.25982245802879333, 'Z': 0.9293215870857239, 'Visibility': 0.8180071115493774}, {'X': 0.533391535282135, 'Y': 0.43279194831848145, 'Z': -0.14192472398281097, 'Visibility': 0.9600845575332642}, {'X': 0.7699781656265259, 'Y': 0.27057960629463196, 'Z': 0.907224178314209, 'Visibility': 0.8054627180099487}, {'X': 0.5202561020851135, 'Y': 0.43046581745147705, 'Z': -0.1289416253566742, 'Visibility': 0.9118779897689819}, {'X': 0.4239952266216278, 'Y': 0.5098732113838196, 'Z': 0.2716391384601593, 'Visibility': 0.9999547004699707}, {'X': 0.35336384177207947, 'Y': 0.522100031375885, 'Z': -0.27155497670173645, 'Visibility': 0.9999619722366333}, {'X': 0.6303809285163879, 'Y': 0.6122077703475952, 'Z': 0.511868417263031, 'Visibility': 0.46758002042770386}, {'X': 0.3702530860900879, 'Y': 0.709267258644104, 'Z': -0.40329205989837646, 'Visibility': 0.9967280626296997}, {'X': 0.7376371622085571, 'Y': 0.7750682234764099, 'Z': 0.7769527435302734, 'Visibility': 0.8513778448104858}, {'X': 0.18537750840187073, 'Y': 0.8710379004478455, 'Z': -0.33454516530036926, 'Visibility': 0.9970842003822327}, {'X': 0.7080902457237244, 'Y': 0.8137019872665405, 'Z': 0.791932225227356, 'Visibility': 0.8355622291564941}, {'X': 0.13210511207580566, 'Y': 0.8906813263893127, 'Z': -0.3289740979671478, 'Visibility': 0.9525818228721619}, {'X': 0.8639575242996216, 'Y': 0.8011216521263123, 'Z': 0.6916117072105408, 'Visibility': 0.9247690439224243}, {'X': 0.2582377791404724, 'Y': 0.9228599071502686, 'Z': -0.5057711601257324, 'Visibility': 0.9943625926971436}]"
./cropped_pose/v_yame_hachiji_dachi.png,"[{'X': 0.4827289581298828, 'Y': 0.13475629687309265, 'Z': 0.5479361414909363, 'Visibility': 0.9974669218063354}, {'X': 0.4640369415283203, 'Y': 0.12107378244400024, 'Z': 0.454946905374527, 'Visibility': 0.9968041181564331}, {'X': 0.45066240429878235, 'Y': 0.12147342413663864, 'Z': 0.45451924204826355, 'Visibility': 0.9963638186454773}, {'X': 0.4383205473423004, 'Y': 0.12165358662605286, 'Z': 0.4545098841190338, 'Visibility': 0.9975710511207581}, {'X': 0.5007496476173401, 'Y': 0.12046098709106445, 'Z': 0.4471384286880493, 'Visibility': 0.9982094764709473}, {'X': 0.5154381394386292, 'Y': 0.12037461996078491, 'Z': 0.4461958706378937, 'Visibility': 0.9984480142593384}, {'X': 0.5283039808273315, 'Y': 0.12026304006576538, 'Z': 0.44585156440734863, 'Visibility': 0.9990612864494324}, {'X': 0.4183313548564911, 'Y': 0.13104307651519775, 'Z': 0.1139516681432724, 'Visibility': 0.9987634420394897}, {'X': 0.545870840549469, 'Y': 0.12861377000808716, 'Z': 0.08174856752157211, 'Visibility': 0.9989005327224731}, {'X': 0.4645112454891205, 'Y': 0.15068265795707703, 'Z': 0.4567963778972626, 'Visibility': 0.9981834292411804}, {'X': 0.5033771395683289, 'Y': 0.1498790681362152, 'Z': 0.44128116965293884, 'Visibility': 0.998284637928009}, {'X': 0.30305302143096924, 'Y': 0.24754369258880615, 'Z': 0.00565033545717597, 'Visibility': 0.9999130964279175}, {'X': 0.6894288063049316, 'Y': 0.25804415345191956, 'Z': -0.07185056805610657, 'Visibility': 0.9998437166213989}, {'X': 0.24177387356758118, 'Y': 0.40924662351608276, 'Z': 0.20737144351005554, 'Visibility': 0.4104044437408447}, {'X': 0.7288804650306702, 'Y': 0.4220815896987915, 'Z': -0.005538163706660271, 'Visibility': 0.6806307435035706}, {'X': 0.34606367349624634, 'Y': 0.4833962917327881, 'Z': 0.5058283805847168, 'Visibility': 0.006395428441464901}, {'X': 0.6385714411735535, 'Y': 0.469448447227478, 'Z': 0.2739204168319702, 'Visibility': 0.011949196457862854}, {'X': 0.3702771067619324, 'Y': 0.5046706795692444, 'Z': 0.5524709224700928, 'Visibility': 0.007106831297278404}, {'X': 0.6129505634307861, 'Y': 0.49501705169677734, 'Z': 0.2826288044452667, 'Visibility': 0.007910977117717266}, {'X': 0.40323230624198914, 'Y': 0.48997262120246887, 'Z': 0.4917636215686798, 'Visibility': 0.006572687532752752}, {'X': 0.5917763113975525, 'Y': 0.4849720299243927, 'Z': 0.2584107518196106, 'Visibility': 0.006663566920906305}, {'X': 0.3992694616317749, 'Y': 0.4770939350128174, 'Z': 0.49182674288749695, 'Visibility': 0.006462938617914915}, {'X': 0.5981839299201965, 'Y': 0.4715504050254822, 'Z': 0.2665664553642273, 'Visibility': 0.006224441342055798}, {'X': 0.3692745864391327, 'Y': 0.5110175013542175, 'Z': 0.02793581597507, 'Visibility': 0.9999504089355469}, {'X': 0.5832371115684509, 'Y': 0.5113871693611145, 'Z': -0.028660086914896965, 'Visibility': 0.9999585151672363}, {'X': 0.27688920497894287, 'Y': 0.6849257946014404, 'Z': 0.45551231503486633, 'Visibility': 0.9421319365501404}, {'X': 0.6932910084724426, 'Y': 0.6873605847358704, 'Z': 0.28270670771598816, 'Visibility': 0.8687446713447571}, {'X': 0.2173556536436081, 'Y': 0.8878515362739563, 'Z': 0.5897836685180664, 'Visibility': 0.9682782292366028}, {'X': 0.7534431219100952, 'Y': 0.8887201547622681, 'Z': 0.4574573040008545, 'Visibility': 0.9195443987846375}, {'X': 0.21597129106521606, 'Y': 0.9252389669418335, 'Z': 0.5959278345108032, 'Visibility': 0.9626673460006714}, {'X': 0.7568190097808838, 'Y': 0.9208629131317139, 'Z': 0.47128456830978394, 'Visibility': 0.9376145005226135}, {'X': 0.21298976242542267, 'Y': 0.8826479911804199, 'Z': 0.5472112894058228, 'Visibility': 0.7850528359413147}, {'X': 0.7517427802085876, 'Y': 0.8785384893417358, 'Z': 0.433248907327652, 'Visibility': 0.6124883890151978}]"
